text,label_id
"Chúng ta cực kỳ hoảng sợ vì sự cô đơn", 3
"Mọi người luôn rùng mình khi thấy tiếng chó hú", 3
"Mọi người cực kỳ hoảng sợ vì sự cô đơn 😱", 3
"Bọn mình kinh hãi trước tiếng sấm", 3
"Lúc ở nhà một mình, chúng tôi nổi da gà toàn thân, không bao giờ dám thử lại", 3
"Cô ấy luôn rùng mình khi thấy độ cao", 3
"cô ấy bủn rủn hết cả tay chân sau khi xem xong bộ phim kinh dị đó, chỉ mong trời mau sáng", 3
"Lúc màn hình tivi tự nhiên xẹt nhiễu, tôi thấy rợn tóc gáy, tim như muốn nhảy ra ngoài", 3
"Lúc ở nhà một mình, tôi sợ hãi tột độ, muốn ngất xỉu ngay lúc đó", 3
"Lúc cửa sổ tự nhiên mở toang, anh ấy mất trí vì sợ, chỉ mong trời mau sáng", 3
"Khi đọc xong mẩu truyện ma, đứa bé run rẩy không đứng vững", 3
"Đi trong rừng sâu ngập sương mù, đứa bé đứng hình mất 5 giây", 3
"Bọn mình kinh hãi trước ma quỷ", 3
"Đi trong rừng sâu ngập sương mù, cả đám sợ đến mức ám ảnh, thật ám ảnh", 3
"Cô ấy kinh hãi trước ma quỷ 😱", 3
"cả đám run rẩy không đứng vững tự nhiên con chó sủa ầm ĩ vào góc tường, không dám quay lại nhìn", 3
"Nhìn thấy cái bóng lướt qua, ai cũng đứng hình mất 5 giây, mất ngủ cả đêm", 3
"Đứng trên tòa nhà cao tầng nhìn xuống, người ta mất trí vì sợ 😖", 3
"Mỗi khi cúp điện, bạn tôi sợ xanh mặt", 3
"chúng tôi sợ xanh mặt khi bị ai đó bám theo, chỉ mong trời mau sáng", 3
"Mọi người cực kỳ hoảng sợ vì những căn phòng trống", 3
"Tự nhiên con chó sủa ầm ĩ vào góc tường, ai cũng sợ hãi tột độ, thật ám ảnh", 3
"Đứng trên tòa nhà cao tầng nhìn xuống, anh ấy sợ đến mức ám ảnh, thật sự rất đáng sợ", 3
"chúng tôi sợ đến mức ám ảnh lúc cửa sổ tự nhiên mở toang, chạy thục mạng 😰", 3
"Mọi người cực kỳ hoảng sợ vì độ cao", 3
"ai cũng sợ hãi tột độ khi đi qua con hẻm tối, chỉ mong trời mau sáng 👻", 3
"ai cũng không dám thở mạnh khi bị ai đó bám theo, thật sự rất đáng sợ", 3
"Lúc cửa sổ tự nhiên mở toang, cả đám mất trí vì sợ, muốn ngất xỉu ngay lúc đó", 3
"cô ấy thấy lạnh toát sống lưng khi đọc xong mẩu truyện ma, không dám quay lại nhìn 😖", 3
"Vừa tỉnh dậy giữa đêm không thấy ai, cả đám bủn rủn hết cả tay chân", 3
"Bọn mình không chịu nổi những căn phòng trống", 3
"cả đám không dám thở mạnh vừa nghe tiếng động lạ trên lầu, chỉ mong trời mau sáng", 3
"Vừa nghe tiếng động lạ trên lầu, em bủn rủn hết cả tay chân, quá ghê rợn", 3
"Bước vào căn nhà hoang, cô ấy thấy lạnh toát sống lưng, nhớ lại vẫn còn run", 3
"Nghe tiếng khóc trẻ con giữa đêm, ai cũng thấy rợn tóc gáy, chỉ mong trời mau sáng", 3
"Cô ấy cực kỳ hoảng sợ vì những căn phòng trống", 3
"Khi bị ai đó bám theo, cả đám bủn rủn hết cả tay chân", 3
"Tôi luôn rùng mình khi thấy những tiếng động lạ", 3
"Nhìn thấy cái bóng lướt qua, đứa bé tim đập thình thịch, không muốn nhắc lại nữa 🫣", 3
"Bọn mình không chịu nổi bóng tối 👻", 3
"Tôi không chịu nổi những căn phòng trống", 3
"tôi hoảng loạn thực sự vừa nghe tiếng động lạ trên lầu, thật sự rất đáng sợ 😨", 3
"Khi bị ai đó bám theo, ai cũng sợ khóc thét, không muốn nhắc lại nữa", 3
"em nổi da gà toàn thân khi đọc xong mẩu truyện ma, nhớ lại vẫn còn run 😨", 3
"Đứng trên tòa nhà cao tầng nhìn xuống, em sợ hãi tột độ, muốn ngất xỉu ngay lúc đó", 3
"Lúc đi dạo qua khu nghĩa trang, tôi nín thở vì kinh hãi, nhớ lại vẫn còn run", 3
"Lúc đi dạo qua khu nghĩa trang, tôi đứng hình mất 5 giây 🫣", 3
"Đi trong rừng sâu ngập sương mù, bạn tôi sợ xanh mặt", 3
"Chúng ta luôn rùng mình khi thấy tiếng sấm", 3
"Tự nhiên con chó sủa ầm ĩ vào góc tường, anh ấy đứng hình mất 5 giây, mất ngủ cả đêm", 3
"Mọi người luôn rùng mình khi thấy bóng tối", 3
"Tự nhiên con chó sủa ầm ĩ vào góc tường, người ta sợ hãi tột độ, chạy thục mạng", 3
"Đi trong rừng sâu ngập sương mù, cả đám nổi da gà toàn thân, muốn ngất xỉu ngay lúc đó", 3
"Tôi rất sợ ma quỷ", 3
"Chúng ta bị ám ảnh bởi tiếng chó hú", 3
"em không dám thở mạnh lúc ở nhà một mình, chạy thục mạng", 3
"Khi đi qua con hẻm tối, người ta thấy rợn tóc gáy, không dám quay lại nhìn", 3
"cô ấy sợ khóc thét đi trong rừng sâu ngập sương mù, mất ngủ cả đêm", 3
"Bọn mình rất sợ côn trùng", 3
"Sau khi xem xong bộ phim kinh dị đó, tôi mất trí vì sợ", 3
"Bước vào căn nhà hoang, ai cũng mất trí vì sợ, kinh khủng quá", 3
"Chúng ta không chịu nổi tiếng sấm", 3
"Cô ấy rất sợ ma quỷ", 3
"Đi trong rừng sâu ngập sương mù, người ta sợ xanh mặt, mất ngủ cả đêm", 3
"em không dám thở mạnh khi đọc xong mẩu truyện ma, không muốn nhắc lại nữa", 3
"cô ấy hoảng loạn thực sự vừa tỉnh dậy giữa đêm không thấy ai, thật sự rất đáng sợ", 3
"Anh ấy không chịu nổi tiếng sấm", 3
"Đứng trên tòa nhà cao tầng nhìn xuống, bạn tôi không dám thở mạnh", 3
"Đi trong rừng sâu ngập sương mù, đứa bé thấy rợn tóc gáy, không dám quay lại nhìn", 3
"Lúc cửa sổ tự nhiên mở toang, bạn tôi thấy lạnh toát sống lưng", 3
"Tôi luôn rùng mình khi thấy không gian hẹp", 3
"Khi bị ai đó bám theo, em sợ xanh mặt", 3
"anh ấy sợ đến mức ám ảnh mỗi khi cúp điện, tim như muốn nhảy ra ngoài", 3
"Chúng ta kinh hãi trước độ cao", 3
"Đi trong rừng sâu ngập sương mù, cả đám thấy lạnh toát sống lưng", 3
"Chúng ta bị ám ảnh bởi côn trùng", 3
"Chúng ta không chịu nổi những căn phòng trống 🫣", 3
"Tôi không chịu nổi không gian hẹp 🫣", 3
"Nghe tiếng khóc trẻ con giữa đêm, bạn tôi đứng hình mất 5 giây, chạy thục mạng", 3
"Nhìn thấy cái bóng lướt qua, cô ấy thấy lạnh toát sống lưng, thật ám ảnh", 3
"Khi đi qua con hẻm tối, người ta mất trí vì sợ, mất ngủ cả đêm 💀", 3
"Mỗi khi cúp điện, ai cũng nín thở vì kinh hãi, mất ngủ cả đêm", 3
"Chúng ta cực kỳ hoảng sợ vì côn trùng", 3
"Chúng ta luôn rùng mình khi thấy sự cô đơn 🫣", 3
"Tôi kinh hãi trước bóng tối", 3
"bạn tôi sợ hãi tột độ đang đi bộ thì nghe tiếng bước chân theo sát, mất ngủ cả đêm", 3
"Cô ấy cực kỳ hoảng sợ vì tiếng chó hú", 3
"em thấy lạnh toát sống lưng đứng trên tòa nhà cao tầng nhìn xuống, kinh khủng quá 😭", 3
"Tôi kinh hãi trước không gian hẹp", 3
"Đi trong rừng sâu ngập sương mù, bạn tôi chỉ muốn khóc thét lên", 3
"Vừa nghe tiếng động lạ trên lầu, cô ấy hoảng loạn thực sự, tim như muốn nhảy ra ngoài", 3
"bạn tôi đứng hình mất 5 giây nhìn thấy cái bóng lướt qua, muốn ngất xỉu ngay lúc đó 💀", 3
"Mọi người không chịu nổi bóng tối", 3
"Khi đọc xong mẩu truyện ma, em không dám thở mạnh, muốn ngất xỉu ngay lúc đó", 3
"Cô ấy không chịu nổi sự cô đơn 👻", 3
"Khi bị ai đó bám theo, chúng tôi thấy lạnh toát sống lưng", 3
"Khi bị ai đó bám theo, em nín thở vì kinh hãi, không muốn nhắc lại nữa", 3
"Cô ấy bị ám ảnh bởi không gian hẹp", 3
"Chúng ta không chịu nổi côn trùng", 3
"tôi nổi da gà toàn thân đang đi bộ thì nghe tiếng bước chân theo sát, kinh khủng quá 😨", 3
"Lúc ở nhà một mình, cô ấy sợ đến mức ám ảnh, nhớ lại vẫn còn run", 3
"Nghe tiếng khóc trẻ con giữa đêm, chúng tôi không dám thở mạnh, thật sự rất đáng sợ 😨", 3
"Nghe tiếng khóc trẻ con giữa đêm, ai cũng run rẩy không đứng vững, kinh khủng quá 😭", 3
"Vừa nghe tiếng động lạ trên lầu, chúng tôi nín thở vì kinh hãi, thật sự rất đáng sợ", 3
"Tôi bị ám ảnh bởi bóng tối", 3
"Tự nhiên con chó sủa ầm ĩ vào góc tường, cả đám sợ xanh mặt, không dám quay lại nhìn", 3
"Chúng ta luôn rùng mình khi thấy tiếng chó hú", 3
"Mỗi khi cúp điện, đứa bé đứng hình mất 5 giây 🫣", 3
"Khi đọc xong mẩu truyện ma, cô ấy không dám thở mạnh", 3
"Anh ấy cực kỳ hoảng sợ vì côn trùng", 3
"Lúc cửa sổ tự nhiên mở toang, bạn tôi không dám thở mạnh", 3
"Tôi luôn rùng mình khi thấy sự cô đơn", 3
"Chúng ta cực kỳ hoảng sợ vì sự cô đơn 😰", 3
"Vừa nghe tiếng động lạ trên lầu, bạn tôi không dám thở mạnh, quá ghê rợn", 3
"Bọn mình rất sợ những tiếng động lạ", 3
"Nhìn thấy cái bóng lướt qua, cả đám sợ đến mức ám ảnh, nhớ lại vẫn còn run 😭", 3
"Bọn mình bị ám ảnh bởi sự cô đơn 😨", 3
"Lúc ở nhà một mình, đứa bé hoảng loạn thực sự 😖", 3
"Chúng ta rất sợ độ cao", 3
"Đi trong rừng sâu ngập sương mù, cô ấy run rẩy không đứng vững 🫣", 3
"Vừa tỉnh dậy giữa đêm không thấy ai, ai cũng bủn rủn hết cả tay chân", 3
"Mỗi khi cúp điện, người ta hoảng loạn thực sự", 3
"Bước vào căn nhà hoang, đứa bé nín thở vì kinh hãi 😖", 3
"Nghe tiếng khóc trẻ con giữa đêm, cả đám mất trí vì sợ, không dám quay lại nhìn", 3
"Mỗi khi cúp điện, đứa bé sợ hãi tột độ", 3
"tôi run rẩy không đứng vững lúc đi dạo qua khu nghĩa trang, thật sự rất đáng sợ 💀", 3
"Khi đọc xong mẩu truyện ma, em thấy lạnh toát sống lưng, chỉ mong trời mau sáng 😰", 3
"Khi đi qua con hẻm tối, em nổi da gà toàn thân", 3
"đứa bé sợ xanh mặt đứng trên tòa nhà cao tầng nhìn xuống, mất ngủ cả đêm", 3
"Lúc ở nhà một mình, cô ấy thấy lạnh toát sống lưng", 3
"cô ấy không dám thở mạnh tự nhiên con chó sủa ầm ĩ vào góc tường, không dám quay lại nhìn", 3
"bạn tôi nín thở vì kinh hãi khi đọc xong mẩu truyện ma, không bao giờ dám thử lại 💀", 3
"cả đám sợ xanh mặt sau khi xem xong bộ phim kinh dị đó, kinh khủng quá 🫣", 3
"Anh ấy kinh hãi trước ma quỷ", 3
"Mọi người rất sợ độ cao", 3
"Khi bị ai đó bám theo, bạn tôi thấy rợn tóc gáy", 3
"Mọi người cực kỳ hoảng sợ vì ma quỷ", 3
"em nổi da gà toàn thân tự nhiên con chó sủa ầm ĩ vào góc tường, kinh khủng quá 👻", 3
"Bọn mình không chịu nổi côn trùng", 3
"Vừa nghe tiếng động lạ trên lầu, chúng tôi mất trí vì sợ, thật ám ảnh", 3
"đứa bé tim đập thình thịch vừa nghe tiếng động lạ trên lầu, thật ám ảnh", 3
"Lúc cửa sổ tự nhiên mở toang, đứa bé sợ xanh mặt, thật sự rất đáng sợ", 3
"Khi đi qua con hẻm tối, chúng tôi sợ khóc thét, thật ám ảnh 😱", 3
"Lúc ở nhà một mình, chúng tôi không dám thở mạnh", 3
"Cô ấy kinh hãi trước không gian hẹp", 3
"người ta nổi da gà toàn thân vừa nghe tiếng động lạ trên lầu, không muốn nhắc lại nữa", 3
"Mọi người luôn rùng mình khi thấy những căn phòng trống 😭", 3
"Lúc màn hình tivi tự nhiên xẹt nhiễu, cô ấy tim đập thình thịch, nhớ lại vẫn còn run", 3
"anh ấy thấy rợn tóc gáy vừa nghe tiếng động lạ trên lầu, muốn ngất xỉu ngay lúc đó", 3
"Lúc đi dạo qua khu nghĩa trang, tôi thấy lạnh toát sống lưng 👻", 3
"anh ấy sợ xanh mặt lúc đi dạo qua khu nghĩa trang, tim như muốn nhảy ra ngoài", 3
"Bọn mình không chịu nổi tiếng sấm 😖", 3
"bạn tôi mất trí vì sợ lúc ở nhà một mình, nhớ lại vẫn còn run", 3
"Lúc đi dạo qua khu nghĩa trang, cả đám thấy lạnh toát sống lưng", 3
"Lúc cửa sổ tự nhiên mở toang, em thấy lạnh toát sống lưng, không muốn nhắc lại nữa", 3
"Lúc đi dạo qua khu nghĩa trang, người ta chỉ muốn khóc thét lên", 3
"tôi tim đập thình thịch vừa nghe tiếng động lạ trên lầu, tim như muốn nhảy ra ngoài", 3
"Lúc ở nhà một mình, đứa bé hoảng loạn thực sự, chỉ mong trời mau sáng", 3
"Mọi người rất sợ những căn phòng trống", 3
"Vừa nghe tiếng động lạ trên lầu, cả đám chỉ muốn khóc thét lên", 3
"Khi bị ai đó bám theo, bạn tôi nín thở vì kinh hãi 🫣", 3
"Cô ấy rất sợ không gian hẹp", 3
"Bọn mình kinh hãi trước những tiếng động lạ 😨", 3
"Lúc cửa sổ tự nhiên mở toang, cả đám nín thở vì kinh hãi", 3
"Khi đi qua con hẻm tối, cô ấy bủn rủn hết cả tay chân", 3
"Cô ấy luôn rùng mình khi thấy những tiếng động lạ 👻", 3
"người ta thấy rợn tóc gáy đi trong rừng sâu ngập sương mù, không muốn nhắc lại nữa", 3
"Cô ấy cực kỳ hoảng sợ vì ma quỷ", 3
"Lúc cửa sổ tự nhiên mở toang, bạn tôi nín thở vì kinh hãi, không muốn nhắc lại nữa 😰", 3
"Anh ấy cực kỳ hoảng sợ vì sự cô đơn", 3
"anh ấy hoảng loạn thực sự đứng trên tòa nhà cao tầng nhìn xuống, chạy thục mạng", 3
"ai cũng tim đập thình thịch bước vào căn nhà hoang, muốn ngất xỉu ngay lúc đó 💀", 3
"Bọn mình luôn rùng mình khi thấy bóng tối", 3
"Nhìn thấy cái bóng lướt qua, người ta thấy rợn tóc gáy, thật ám ảnh", 3
"Khi đọc xong mẩu truyện ma, bạn tôi sợ khóc thét, không bao giờ dám thử lại", 3
"Mọi người rất sợ tiếng chó hú", 3
"Sau khi xem xong bộ phim kinh dị đó, ai cũng sợ hãi tột độ", 3
"Bọn mình không chịu nổi tiếng chó hú 💀", 3
"đứa bé đứng hình mất 5 giây đang đi bộ thì nghe tiếng bước chân theo sát, không dám quay lại nhìn 😰", 3
"Cô ấy không chịu nổi tiếng chó hú", 3
"Lúc ở nhà một mình, chúng tôi nín thở vì kinh hãi, không muốn nhắc lại nữa 😭", 3
"Khi đọc xong mẩu truyện ma, anh ấy sợ khóc thét, thật sự rất đáng sợ 😨", 3
"Vừa tỉnh dậy giữa đêm không thấy ai, người ta chỉ muốn khóc thét lên, muốn ngất xỉu ngay lúc đó", 3
"Lúc ở nhà một mình, cả đám sợ xanh mặt", 3
"người ta sợ khóc thét khi đọc xong mẩu truyện ma, chỉ mong trời mau sáng", 3
"Tôi rất sợ tiếng chó hú", 3
"Khi đi qua con hẻm tối, cả đám sợ xanh mặt, không bao giờ dám thử lại", 3
"Mọi người không chịu nổi ma quỷ", 3
"anh ấy run rẩy không đứng vững khi đi qua con hẻm tối, chỉ mong trời mau sáng", 3
"bạn tôi nổi da gà toàn thân lúc ở nhà một mình, không bao giờ dám thử lại 😖", 3
"Lúc ở nhà một mình, bạn tôi không dám thở mạnh 😭", 3
"Lúc cửa sổ tự nhiên mở toang, người ta nổi da gà toàn thân, thật ám ảnh 👻", 3
"em mất trí vì sợ sau khi xem xong bộ phim kinh dị đó, tim như muốn nhảy ra ngoài 👻", 3
"em không dám thở mạnh tự nhiên con chó sủa ầm ĩ vào góc tường, nhớ lại vẫn còn run", 3
"Mỗi khi cúp điện, chúng tôi sợ khóc thét, muốn ngất xỉu ngay lúc đó", 3
"Mọi người bị ám ảnh bởi tiếng chó hú", 3
"Tự nhiên con chó sủa ầm ĩ vào góc tường, bạn tôi tim đập thình thịch", 3
"Mỗi khi cúp điện, ai cũng sợ đến mức ám ảnh", 3
"Nhìn thấy cái bóng lướt qua, đứa bé sợ xanh mặt, mất ngủ cả đêm", 3
"Mọi người cực kỳ hoảng sợ vì bóng tối", 3
"ai cũng sợ đến mức ám ảnh khi đi qua con hẻm tối, mất ngủ cả đêm", 3
"em đứng hình mất 5 giây lúc màn hình tivi tự nhiên xẹt nhiễu, không muốn nhắc lại nữa", 3
"đứa bé chỉ muốn khóc thét lên đứng trên tòa nhà cao tầng nhìn xuống, mất ngủ cả đêm", 3
"Khi đi qua con hẻm tối, em bủn rủn hết cả tay chân 😖", 3
"Vừa nghe tiếng động lạ trên lầu, cả đám bủn rủn hết cả tay chân, thật sự rất đáng sợ 👻", 3
"Khi đi qua con hẻm tối, bạn tôi sợ đến mức ám ảnh, kinh khủng quá 👻", 3
"Lúc ở nhà một mình, tôi nín thở vì kinh hãi, thật ám ảnh 😰", 3
"Bước vào căn nhà hoang, đứa bé nổi da gà toàn thân", 3
"Đang đi bộ thì nghe tiếng bước chân theo sát, em bủn rủn hết cả tay chân, kinh khủng quá", 3
"anh ấy nín thở vì kinh hãi tự nhiên con chó sủa ầm ĩ vào góc tường, mất ngủ cả đêm 😱", 3
"Khi bị ai đó bám theo, người ta nổi da gà toàn thân, muốn ngất xỉu ngay lúc đó", 3
"người ta run rẩy không đứng vững bước vào căn nhà hoang, tim như muốn nhảy ra ngoài", 3
"Vừa tỉnh dậy giữa đêm không thấy ai, người ta sợ xanh mặt, thật sự rất đáng sợ", 3
"Nghe tiếng khóc trẻ con giữa đêm, cô ấy thấy lạnh toát sống lưng, tim như muốn nhảy ra ngoài", 3
"cả đám chỉ muốn khóc thét lên khi đi qua con hẻm tối, thật sự rất đáng sợ", 3
"Khi đọc xong mẩu truyện ma, đứa bé mất trí vì sợ", 3
"Tự nhiên con chó sủa ầm ĩ vào góc tường, đứa bé bủn rủn hết cả tay chân", 3
"Lúc ở nhà một mình, bạn tôi nín thở vì kinh hãi, muốn ngất xỉu ngay lúc đó", 3
"Chúng ta không chịu nổi sự cô đơn", 3
"Lúc màn hình tivi tự nhiên xẹt nhiễu, ai cũng sợ hãi tột độ", 3
"Cô ấy rất sợ tiếng sấm 😭", 3
"ai cũng nổi da gà toàn thân nhìn thấy cái bóng lướt qua, nhớ lại vẫn còn run", 3
"Lúc ở nhà một mình, ai cũng sợ khóc thét, không bao giờ dám thử lại", 3
"Đứng trên tòa nhà cao tầng nhìn xuống, đứa bé thấy rợn tóc gáy", 3
"Khi đọc xong mẩu truyện ma, ai cũng nín thở vì kinh hãi, không bao giờ dám thử lại 😰", 3
"Lúc ở nhà một mình, cả đám run rẩy không đứng vững, thật ám ảnh", 3
"Vừa nghe tiếng động lạ trên lầu, em bủn rủn hết cả tay chân 💀", 3
"Lúc cửa sổ tự nhiên mở toang, đứa bé đứng hình mất 5 giây, chạy thục mạng", 3
"tôi nín thở vì kinh hãi khi đọc xong mẩu truyện ma, muốn ngất xỉu ngay lúc đó", 3
"chúng tôi không dám thở mạnh vừa nghe tiếng động lạ trên lầu, nhớ lại vẫn còn run", 3
"Đi trong rừng sâu ngập sương mù, người ta sợ đến mức ám ảnh, muốn ngất xỉu ngay lúc đó 🫣", 3
"Đứng trên tòa nhà cao tầng nhìn xuống, chúng tôi nổi da gà toàn thân", 3
"Tôi cực kỳ hoảng sợ vì tiếng sấm", 3
"Lúc đi dạo qua khu nghĩa trang, em sợ đến mức ám ảnh, quá ghê rợn", 3
"Nhìn thấy cái bóng lướt qua, bạn tôi run rẩy không đứng vững, nhớ lại vẫn còn run 😨", 3
"Lúc đi dạo qua khu nghĩa trang, cô ấy bủn rủn hết cả tay chân 👻", 3
"Cô ấy bị ám ảnh bởi côn trùng", 3
"Vừa nghe tiếng động lạ trên lầu, anh ấy chỉ muốn khóc thét lên", 3
"Mọi người kinh hãi trước bóng tối", 3
"anh ấy sợ xanh mặt lúc cửa sổ tự nhiên mở toang, mất ngủ cả đêm", 3
"tôi không dám thở mạnh nghe tiếng khóc trẻ con giữa đêm, nhớ lại vẫn còn run 🥶", 3
"Sau khi xem xong bộ phim kinh dị đó, anh ấy sợ đến mức ám ảnh", 3
"Đứng trên tòa nhà cao tầng nhìn xuống, cả đám bủn rủn hết cả tay chân", 3
"Mỗi khi cúp điện, cả đám thấy rợn tóc gáy, mất ngủ cả đêm", 3
"Khi đi qua con hẻm tối, cô ấy mất trí vì sợ, nhớ lại vẫn còn run", 3
"Bọn mình không chịu nổi những tiếng động lạ", 3
"tôi run rẩy không đứng vững đi trong rừng sâu ngập sương mù, thật ám ảnh", 3
"Mỗi khi cúp điện, ai cũng không dám thở mạnh, quá ghê rợn", 3
"Lúc màn hình tivi tự nhiên xẹt nhiễu, ai cũng thấy lạnh toát sống lưng", 3
"Khi bị ai đó bám theo, chúng tôi đứng hình mất 5 giây", 3
"Vừa nghe tiếng động lạ trên lầu, em sợ hãi tột độ", 3
"Mọi người rất sợ những tiếng động lạ", 3
"Khi đọc xong mẩu truyện ma, cô ấy sợ hãi tột độ 🫣", 3
"Anh ấy bị ám ảnh bởi không gian hẹp", 3
"Nhìn thấy cái bóng lướt qua, chúng tôi chỉ muốn khóc thét lên, chỉ mong trời mau sáng", 3
"Tự nhiên con chó sủa ầm ĩ vào góc tường, đứa bé thấy rợn tóc gáy, quá ghê rợn", 3
"Nghe tiếng khóc trẻ con giữa đêm, cô ấy hoảng loạn thực sự", 3
"Tôi rất sợ sự cô đơn 👻", 3
"đứa bé nổi da gà toàn thân khi đọc xong mẩu truyện ma, nhớ lại vẫn còn run", 3
"anh ấy nổi da gà toàn thân khi đọc xong mẩu truyện ma, nhớ lại vẫn còn run 💀", 3
"Khi bị ai đó bám theo, ai cũng thấy lạnh toát sống lưng, không muốn nhắc lại nữa", 3
"Nhìn thấy cái bóng lướt qua, cả đám sợ khóc thét", 3
"Cô ấy rất sợ tiếng sấm", 3
"Khi đọc xong mẩu truyện ma, chúng tôi run rẩy không đứng vững, tim như muốn nhảy ra ngoài", 3
"tôi không dám thở mạnh sau khi xem xong bộ phim kinh dị đó, không bao giờ dám thử lại", 3
"Khi đọc xong mẩu truyện ma, tôi chỉ muốn khóc thét lên", 3
"Tôi luôn rùng mình khi thấy sự cô đơn 😱", 3
"Tôi bị ám ảnh bởi tiếng sấm", 3
"Khi đọc xong mẩu truyện ma, đứa bé nổi da gà toàn thân, quá ghê rợn", 3
"Tự nhiên con chó sủa ầm ĩ vào góc tường, tôi nín thở vì kinh hãi, không bao giờ dám thử lại", 3
"đứa bé hoảng loạn thực sự bước vào căn nhà hoang, thật ám ảnh", 3
"Mọi người không chịu nổi không gian hẹp", 3
"Tự nhiên con chó sủa ầm ĩ vào góc tường, ai cũng mất trí vì sợ, thật sự rất đáng sợ", 3
"Đứng trên tòa nhà cao tầng nhìn xuống, bạn tôi nổi da gà toàn thân, thật sự rất đáng sợ 😰", 3
"người ta tim đập thình thịch vừa tỉnh dậy giữa đêm không thấy ai, chỉ mong trời mau sáng", 3
"Lúc cửa sổ tự nhiên mở toang, anh ấy tim đập thình thịch, không bao giờ dám thử lại", 3
"Khi đọc xong mẩu truyện ma, cả đám thấy lạnh toát sống lưng", 3
"đứa bé thấy lạnh toát sống lưng bước vào căn nhà hoang, chạy thục mạng", 3
"Mọi người không chịu nổi côn trùng", 3
"Anh ấy bị ám ảnh bởi độ cao", 3
"bạn tôi hoảng loạn thực sự lúc đi dạo qua khu nghĩa trang, không bao giờ dám thử lại", 3
"Nhìn thấy cái bóng lướt qua, cô ấy thấy lạnh toát sống lưng 🥶", 3
"Nhìn thấy cái bóng lướt qua, ai cũng run rẩy không đứng vững", 3
"Chúng ta rất sợ ma quỷ", 3
"Cô ấy luôn rùng mình khi thấy côn trùng", 3
"Đứng trên tòa nhà cao tầng nhìn xuống, người ta thấy rợn tóc gáy 😱", 3
"Đứng trên tòa nhà cao tầng nhìn xuống, đứa bé tim đập thình thịch, mất ngủ cả đêm", 3
"Vừa nghe tiếng động lạ trên lầu, đứa bé tim đập thình thịch", 3
"người ta bủn rủn hết cả tay chân nghe tiếng khóc trẻ con giữa đêm, thật sự rất đáng sợ", 3
"Mọi người luôn rùng mình khi thấy không gian hẹp 👻", 3
"Chúng ta bị ám ảnh bởi tiếng sấm 😭", 3
"tôi mất trí vì sợ lúc đi dạo qua khu nghĩa trang, không bao giờ dám thử lại", 3
"Đang đi bộ thì nghe tiếng bước chân theo sát, người ta hoảng loạn thực sự, không muốn nhắc lại nữa", 3
"cả đám thấy lạnh toát sống lưng bước vào căn nhà hoang, không muốn nhắc lại nữa", 3
"Bọn mình rất sợ tiếng chó hú 😖", 3
"Tôi không chịu nổi độ cao", 3
"Mọi người cực kỳ hoảng sợ vì tiếng chó hú", 3
"Nghe tiếng khóc trẻ con giữa đêm, cả đám sợ xanh mặt, tim như muốn nhảy ra ngoài", 3
"Bước vào căn nhà hoang, em nổi da gà toàn thân, thật ám ảnh", 3
"tôi thấy rợn tóc gáy nghe tiếng khóc trẻ con giữa đêm, muốn ngất xỉu ngay lúc đó 😭", 3
"Sau khi xem xong bộ phim kinh dị đó, tôi sợ xanh mặt, chạy thục mạng 💀", 3
"Đi trong rừng sâu ngập sương mù, cả đám thấy lạnh toát sống lưng, quá ghê rợn", 3
"Tôi bị ám ảnh bởi không gian hẹp", 3
"Đang đi bộ thì nghe tiếng bước chân theo sát, em thấy lạnh toát sống lưng", 3
"anh ấy hoảng loạn thực sự sau khi xem xong bộ phim kinh dị đó, quá ghê rợn 👻", 3
"Tự nhiên con chó sủa ầm ĩ vào góc tường, chúng tôi run rẩy không đứng vững", 3
"người ta run rẩy không đứng vững nhìn thấy cái bóng lướt qua, không bao giờ dám thử lại", 3
"Cô ấy không chịu nổi những căn phòng trống", 3
"Lúc màn hình tivi tự nhiên xẹt nhiễu, người ta thấy rợn tóc gáy, không bao giờ dám thử lại 🫣", 3
"Lúc cửa sổ tự nhiên mở toang, đứa bé nín thở vì kinh hãi", 3
"Đi trong rừng sâu ngập sương mù, cô ấy hoảng loạn thực sự, mất ngủ cả đêm", 3
"Đi trong rừng sâu ngập sương mù, bạn tôi đứng hình mất 5 giây, quá ghê rợn", 3
"Khi đọc xong mẩu truyện ma, em nín thở vì kinh hãi, muốn ngất xỉu ngay lúc đó 😨", 3
"cả đám sợ hãi tột độ lúc cửa sổ tự nhiên mở toang, chạy thục mạng", 3
"Tôi cực kỳ hoảng sợ vì những tiếng động lạ", 3
"bạn tôi hoảng loạn thực sự bước vào căn nhà hoang, thật sự rất đáng sợ", 3
"Đi trong rừng sâu ngập sương mù, đứa bé nổi da gà toàn thân", 3
"chúng tôi chỉ muốn khóc thét lên lúc đi dạo qua khu nghĩa trang, không dám quay lại nhìn", 3
"Lúc ở nhà một mình, cả đám thấy rợn tóc gáy", 3
"Nghe tiếng khóc trẻ con giữa đêm, ai cũng thấy lạnh toát sống lưng", 3
"em sợ xanh mặt khi bị ai đó bám theo, tim như muốn nhảy ra ngoài", 3
"Chúng ta cực kỳ hoảng sợ vì độ cao 😭", 3
"Khi bị ai đó bám theo, cô ấy nín thở vì kinh hãi 😨", 3
"Cô ấy không chịu nổi những tiếng động lạ 😰", 3
"Khi đọc xong mẩu truyện ma, chúng tôi thấy rợn tóc gáy, không dám quay lại nhìn", 3
"Khi bị ai đó bám theo, tôi thấy lạnh toát sống lưng, chạy thục mạng", 3
"Chúng ta luôn rùng mình khi thấy ma quỷ", 3
"người ta thấy rợn tóc gáy vừa tỉnh dậy giữa đêm không thấy ai, không bao giờ dám thử lại", 3
"Mọi người không chịu nổi tiếng sấm", 3
"Chúng ta luôn rùng mình khi thấy độ cao", 3
"Vừa nghe tiếng động lạ trên lầu, ai cũng thấy rợn tóc gáy 😭", 3
"Vừa nghe tiếng động lạ trên lầu, cô ấy sợ xanh mặt, chỉ mong trời mau sáng", 3
"Bọn mình cực kỳ hoảng sợ vì bóng tối", 3
"Tôi cực kỳ hoảng sợ vì sự cô đơn 😖", 3
"Tự nhiên con chó sủa ầm ĩ vào góc tường, ai cũng chỉ muốn khóc thét lên", 3
"Bước vào căn nhà hoang, cô ấy sợ đến mức ám ảnh 😱", 3
"Lúc đi dạo qua khu nghĩa trang, tôi sợ khóc thét 😨", 3
"cả đám run rẩy không đứng vững bước vào căn nhà hoang, nhớ lại vẫn còn run", 3
"Khi đi qua con hẻm tối, chúng tôi sợ hãi tột độ", 3
"Sau khi xem xong bộ phim kinh dị đó, bạn tôi sợ xanh mặt 😖", 3
"Bước vào căn nhà hoang, ai cũng mất trí vì sợ, chạy thục mạng", 3
"Anh ấy cực kỳ hoảng sợ vì không gian hẹp", 3
"Anh ấy rất sợ ma quỷ 👻", 3
"Anh ấy không chịu nổi ma quỷ", 3
"Tôi không chịu nổi bóng tối", 3
"đứa bé sợ đến mức ám ảnh nghe tiếng khóc trẻ con giữa đêm, quá ghê rợn", 3
"người ta bủn rủn hết cả tay chân vừa tỉnh dậy giữa đêm không thấy ai, nhớ lại vẫn còn run", 3
"Anh ấy rất sợ độ cao", 3
"Nhìn thấy cái bóng lướt qua, bạn tôi bủn rủn hết cả tay chân 😱", 3
"người ta không dám thở mạnh tự nhiên con chó sủa ầm ĩ vào góc tường, không bao giờ dám thử lại", 3
"Vừa nghe tiếng động lạ trên lầu, cả đám nổi da gà toàn thân 😭", 3
"Anh ấy rất sợ những căn phòng trống 😭", 3
"Chúng ta kinh hãi trước độ cao 😰", 3
"Khi bị ai đó bám theo, chúng tôi sợ khóc thét", 3
"Bọn mình bị ám ảnh bởi sự cô đơn", 3
"Khi bị ai đó bám theo, bạn tôi sợ hãi tột độ, tim như muốn nhảy ra ngoài", 3
"Cô ấy rất sợ bóng tối", 3
"Lúc đi dạo qua khu nghĩa trang, ai cũng sợ xanh mặt, không muốn nhắc lại nữa", 3
"Khi đọc xong mẩu truyện ma, chúng tôi đứng hình mất 5 giây, quá ghê rợn", 3
"Nhìn thấy cái bóng lướt qua, cô ấy bủn rủn hết cả tay chân", 3
"Cô ấy luôn rùng mình khi thấy tiếng chó hú 😱", 3
"Nghe tiếng khóc trẻ con giữa đêm, em thấy rợn tóc gáy, không muốn nhắc lại nữa", 3
"Khi bị ai đó bám theo, người ta không dám thở mạnh, mất ngủ cả đêm 😖", 3
"Tự nhiên con chó sủa ầm ĩ vào góc tường, ai cũng mất trí vì sợ", 3
"Cô ấy rất sợ những tiếng động lạ 😰", 3
"Vừa nghe tiếng động lạ trên lầu, đứa bé đứng hình mất 5 giây 🥶", 3
"em thấy lạnh toát sống lưng đi trong rừng sâu ngập sương mù, chỉ mong trời mau sáng", 3
"Tôi rất sợ bóng tối", 3
"Chúng ta không chịu nổi những tiếng động lạ 👻", 3
"Lúc màn hình tivi tự nhiên xẹt nhiễu, người ta sợ khóc thét, không bao giờ dám thử lại 😭", 3
"Nghe tiếng khóc trẻ con giữa đêm, cả đám sợ xanh mặt, chỉ mong trời mau sáng", 3
"Sau khi xem xong bộ phim kinh dị đó, người ta thấy lạnh toát sống lưng, chỉ mong trời mau sáng", 3
"Lúc đi dạo qua khu nghĩa trang, người ta sợ khóc thét", 3
"đứa bé nổi da gà toàn thân tự nhiên con chó sủa ầm ĩ vào góc tường, không bao giờ dám thử lại", 3
"Đứng trên tòa nhà cao tầng nhìn xuống, bạn tôi mất trí vì sợ, chạy thục mạng", 3
"Mọi người luôn rùng mình khi thấy những căn phòng trống", 3
"Tự nhiên con chó sủa ầm ĩ vào góc tường, ai cũng thấy rợn tóc gáy, không bao giờ dám thử lại", 3
"Tôi không chịu nổi tiếng chó hú", 3
"Sau khi xem xong bộ phim kinh dị đó, em nổi da gà toàn thân, không bao giờ dám thử lại", 3
"Vừa tỉnh dậy giữa đêm không thấy ai, đứa bé sợ khóc thét", 3
"Chúng ta kinh hãi trước côn trùng", 3
"Đang đi bộ thì nghe tiếng bước chân theo sát, chúng tôi sợ xanh mặt, mất ngủ cả đêm", 3
"người ta thấy rợn tóc gáy đang đi bộ thì nghe tiếng bước chân theo sát, muốn ngất xỉu ngay lúc đó", 3
"Đang đi bộ thì nghe tiếng bước chân theo sát, người ta đứng hình mất 5 giây, kinh khủng quá", 3
"chúng tôi sợ xanh mặt khi đọc xong mẩu truyện ma, thật ám ảnh 😱", 3
"em hoảng loạn thực sự đứng trên tòa nhà cao tầng nhìn xuống, kinh khủng quá", 3
"Lúc màn hình tivi tự nhiên xẹt nhiễu, anh ấy run rẩy không đứng vững 🥶", 3
"Khi bị ai đó bám theo, anh ấy bủn rủn hết cả tay chân", 3
"Vừa tỉnh dậy giữa đêm không thấy ai, chúng tôi bủn rủn hết cả tay chân", 3
"Vừa nghe tiếng động lạ trên lầu, anh ấy sợ hãi tột độ, kinh khủng quá", 3
"Anh ấy không chịu nổi bóng tối", 3
"Mọi người cực kỳ hoảng sợ vì tiếng sấm 💀", 3
"Tự nhiên con chó sủa ầm ĩ vào góc tường, anh ấy thấy rợn tóc gáy, không bao giờ dám thử lại 😨", 3
"Khi bị ai đó bám theo, cô ấy thấy lạnh toát sống lưng, thật ám ảnh", 3
"em hoảng loạn thực sự nghe tiếng khóc trẻ con giữa đêm, kinh khủng quá", 3
"Chúng ta luôn rùng mình khi thấy côn trùng 🫣", 3
"cả đám tim đập thình thịch nhìn thấy cái bóng lướt qua, thật sự rất đáng sợ 👻", 3
"Anh ấy luôn rùng mình khi thấy bóng tối", 3
"Nghe tiếng khóc trẻ con giữa đêm, tôi run rẩy không đứng vững, không dám quay lại nhìn", 3
"Bọn mình kinh hãi trước tiếng chó hú 😭", 3
"Nhìn thấy cái bóng lướt qua, cả đám hoảng loạn thực sự", 3
"Anh ấy không chịu nổi tiếng chó hú", 3
"Tôi kinh hãi trước côn trùng", 3
"em sợ khóc thét tự nhiên con chó sủa ầm ĩ vào góc tường, quá ghê rợn", 3
"Lúc cửa sổ tự nhiên mở toang, đứa bé nín thở vì kinh hãi, thật sự rất đáng sợ", 3
"Lúc cửa sổ tự nhiên mở toang, đứa bé sợ xanh mặt, chạy thục mạng", 3
"Cô ấy bị ám ảnh bởi ma quỷ", 3
"Tự nhiên con chó sủa ầm ĩ vào góc tường, chúng tôi sợ đến mức ám ảnh 😖", 3
"Khi đọc xong mẩu truyện ma, em sợ xanh mặt, quá ghê rợn 😰", 3
"Tôi cực kỳ hoảng sợ vì không gian hẹp", 3
"Đứng trên tòa nhà cao tầng nhìn xuống, anh ấy không dám thở mạnh, mất ngủ cả đêm", 3
"Anh ấy kinh hãi trước độ cao", 3
"Vừa nghe tiếng động lạ trên lầu, bạn tôi tim đập thình thịch, thật ám ảnh", 3
"Tôi luôn rùng mình khi thấy những căn phòng trống", 3
"chúng tôi tim đập thình thịch sau khi xem xong bộ phim kinh dị đó, nhớ lại vẫn còn run", 3
"Bọn mình không chịu nổi không gian hẹp", 3
"Bọn mình luôn rùng mình khi thấy tiếng sấm", 3
"Tự nhiên con chó sủa ầm ĩ vào góc tường, cô ấy nổi da gà toàn thân, chạy thục mạng", 3
"Lúc đi dạo qua khu nghĩa trang, bạn tôi sợ khóc thét", 3
"Bọn mình rất sợ không gian hẹp", 3
"Sau khi xem xong bộ phim kinh dị đó, người ta mất trí vì sợ", 3
"Khi bị ai đó bám theo, em nín thở vì kinh hãi", 3
"Sau khi xem xong bộ phim kinh dị đó, bạn tôi mất trí vì sợ, kinh khủng quá 😖", 3
"người ta bủn rủn hết cả tay chân lúc ở nhà một mình, quá ghê rợn", 3
"Tôi rất sợ những tiếng động lạ 💀", 3
"tôi thấy rợn tóc gáy tự nhiên con chó sủa ầm ĩ vào góc tường, thật sự rất đáng sợ", 3
"Mọi người rất sợ những tiếng động lạ 🥶", 3
"Chúng ta luôn rùng mình khi thấy bóng tối", 3
"Nhìn thấy cái bóng lướt qua, cô ấy không dám thở mạnh", 3
"Anh ấy luôn rùng mình khi thấy ma quỷ", 3
"Nhìn thấy cái bóng lướt qua, đứa bé hoảng loạn thực sự", 3
"Khi bị ai đó bám theo, em nổi da gà toàn thân", 3
"Bọn mình cực kỳ hoảng sợ vì không gian hẹp", 3
"Khi đọc xong mẩu truyện ma, cả đám nổi da gà toàn thân", 3
"Lúc đi dạo qua khu nghĩa trang, chúng tôi hoảng loạn thực sự, kinh khủng quá", 3
"Mỗi khi cúp điện, em đứng hình mất 5 giây", 3
"cô ấy nổi da gà toàn thân đứng trên tòa nhà cao tầng nhìn xuống, thật ám ảnh", 3
"Khi đi qua con hẻm tối, cả đám tim đập thình thịch 😰", 3
"Lúc màn hình tivi tự nhiên xẹt nhiễu, anh ấy tim đập thình thịch 😱", 3
"Cô ấy kinh hãi trước bóng tối", 3
"Vừa nghe tiếng động lạ trên lầu, cả đám tim đập thình thịch, chạy thục mạng", 3
"tôi sợ xanh mặt khi đọc xong mẩu truyện ma, tim như muốn nhảy ra ngoài 👻", 3
"tôi sợ khóc thét lúc ở nhà một mình, tim như muốn nhảy ra ngoài", 3
"Bước vào căn nhà hoang, tôi bủn rủn hết cả tay chân, kinh khủng quá", 3
"em run rẩy không đứng vững nghe tiếng khóc trẻ con giữa đêm, không bao giờ dám thử lại 😭", 3
"Anh ấy bị ám ảnh bởi những căn phòng trống", 3
"Mọi người luôn rùng mình khi thấy sự cô đơn", 3
"Lúc ở nhà một mình, bạn tôi tim đập thình thịch, thật ám ảnh 🫣", 3
"Mọi người kinh hãi trước tiếng sấm", 3
"Tôi rất sợ những tiếng động lạ", 3
"Bọn mình bị ám ảnh bởi bóng tối", 3
"Bước vào căn nhà hoang, đứa bé sợ hãi tột độ 😰", 3
"Lúc cửa sổ tự nhiên mở toang, anh ấy sợ khóc thét", 3
"ai cũng sợ đến mức ám ảnh vừa tỉnh dậy giữa đêm không thấy ai, không bao giờ dám thử lại", 3
"Anh ấy không chịu nổi sự cô đơn", 3
"Khi bị ai đó bám theo, ai cũng sợ đến mức ám ảnh, tim như muốn nhảy ra ngoài", 3
"Chúng ta kinh hãi trước tiếng chó hú 👻", 3
"Đang đi bộ thì nghe tiếng bước chân theo sát, bạn tôi thấy rợn tóc gáy 😱", 3
"người ta đứng hình mất 5 giây đứng trên tòa nhà cao tầng nhìn xuống, tim như muốn nhảy ra ngoài", 3
"Chúng ta cực kỳ hoảng sợ vì những căn phòng trống", 3
"anh ấy nổi da gà toàn thân lúc màn hình tivi tự nhiên xẹt nhiễu, mất ngủ cả đêm 💀", 3
"bạn tôi sợ xanh mặt vừa tỉnh dậy giữa đêm không thấy ai, tim như muốn nhảy ra ngoài", 3
"Bọn mình luôn rùng mình khi thấy những căn phòng trống", 3
"bạn tôi không dám thở mạnh mỗi khi cúp điện, muốn ngất xỉu ngay lúc đó", 3
"Tôi bị ám ảnh bởi những căn phòng trống 😱", 3
"Đang đi bộ thì nghe tiếng bước chân theo sát, cô ấy chỉ muốn khóc thét lên, chỉ mong trời mau sáng", 3
"Khi đi qua con hẻm tối, em sợ xanh mặt 🫣", 3
"Nghe tiếng khóc trẻ con giữa đêm, ai cũng thấy lạnh toát sống lưng, thật sự rất đáng sợ", 3
"Tự nhiên con chó sủa ầm ĩ vào góc tường, cả đám nín thở vì kinh hãi", 3
"Tôi luôn rùng mình khi thấy tiếng sấm", 3
"Khi đọc xong mẩu truyện ma, chúng tôi sợ đến mức ám ảnh", 3
"Đang đi bộ thì nghe tiếng bước chân theo sát, cô ấy không dám thở mạnh, mất ngủ cả đêm", 3
"Nghe tiếng khóc trẻ con giữa đêm, bạn tôi nín thở vì kinh hãi", 3
"Khi đi qua con hẻm tối, chúng tôi sợ đến mức ám ảnh, không bao giờ dám thử lại", 3
"Nghe tiếng khóc trẻ con giữa đêm, ai cũng chỉ muốn khóc thét lên", 3
"Anh ấy rất sợ tiếng chó hú", 3
"Lúc màn hình tivi tự nhiên xẹt nhiễu, tôi nín thở vì kinh hãi, thật ám ảnh", 3
"Bước vào căn nhà hoang, tôi nổi da gà toàn thân, kinh khủng quá 😖", 3
"cả đám sợ khóc thét lúc ở nhà một mình, không dám quay lại nhìn 👻", 3
"Tôi kinh hãi trước những tiếng động lạ", 3
"ai cũng hoảng loạn thực sự đứng trên tòa nhà cao tầng nhìn xuống, kinh khủng quá", 3
"cả đám sợ khóc thét mỗi khi cúp điện, không bao giờ dám thử lại", 3
"Chúng ta luôn rùng mình khi thấy không gian hẹp", 3
"Khi đi qua con hẻm tối, người ta đứng hình mất 5 giây, chạy thục mạng", 3
"Nhìn thấy cái bóng lướt qua, bạn tôi thấy lạnh toát sống lưng 😖", 3
"Nhìn thấy cái bóng lướt qua, anh ấy bủn rủn hết cả tay chân, thật ám ảnh", 3
"Mọi người cực kỳ hoảng sợ vì côn trùng", 3
"Cô ấy không chịu nổi độ cao", 3
"Đi trong rừng sâu ngập sương mù, người ta sợ khóc thét", 3
"Lúc màn hình tivi tự nhiên xẹt nhiễu, anh ấy mất trí vì sợ", 3
"Đang đi bộ thì nghe tiếng bước chân theo sát, đứa bé sợ xanh mặt", 3
"Tôi không chịu nổi sự cô đơn 😰", 3
"Vừa tỉnh dậy giữa đêm không thấy ai, chúng tôi mất trí vì sợ, thật sự rất đáng sợ", 3
"Tôi kinh hãi trước ma quỷ", 3
"Lúc màn hình tivi tự nhiên xẹt nhiễu, ai cũng nín thở vì kinh hãi, chỉ mong trời mau sáng", 3
"chúng tôi bủn rủn hết cả tay chân mỗi khi cúp điện, mất ngủ cả đêm 👻", 3
"Vừa tỉnh dậy giữa đêm không thấy ai, em chỉ muốn khóc thét lên, nhớ lại vẫn còn run 😰", 3
"tôi sợ khóc thét vừa tỉnh dậy giữa đêm không thấy ai, không bao giờ dám thử lại 💀", 3
"Lúc đi dạo qua khu nghĩa trang, cả đám sợ xanh mặt", 3
"người ta hoảng loạn thực sự vừa nghe tiếng động lạ trên lầu, nhớ lại vẫn còn run", 3
"Mọi người không chịu nổi sự cô đơn", 3
"Đang đi bộ thì nghe tiếng bước chân theo sát, em tim đập thình thịch, kinh khủng quá", 3
"bạn tôi thấy rợn tóc gáy đi trong rừng sâu ngập sương mù, mất ngủ cả đêm", 3
"Nhìn thấy cái bóng lướt qua, đứa bé thấy lạnh toát sống lưng", 3
"Khi bị ai đó bám theo, đứa bé tim đập thình thịch, kinh khủng quá 🥶", 3
"ai cũng nín thở vì kinh hãi sau khi xem xong bộ phim kinh dị đó, chỉ mong trời mau sáng", 3
"Anh ấy cực kỳ hoảng sợ vì không gian hẹp 😖", 3
"Tự nhiên con chó sủa ầm ĩ vào góc tường, tôi mất trí vì sợ, muốn ngất xỉu ngay lúc đó", 3
"Lúc màn hình tivi tự nhiên xẹt nhiễu, tôi thấy lạnh toát sống lưng 😰", 3
"Cô ấy không chịu nổi những tiếng động lạ", 3
"Khi bị ai đó bám theo, anh ấy chỉ muốn khóc thét lên", 3
"Lúc màn hình tivi tự nhiên xẹt nhiễu, cả đám thấy lạnh toát sống lưng 😭", 3
"Bọn mình bị ám ảnh bởi tiếng sấm", 3
"Vừa nghe tiếng động lạ trên lầu, chúng tôi sợ xanh mặt, chỉ mong trời mau sáng", 3
"chúng tôi sợ đến mức ám ảnh lúc màn hình tivi tự nhiên xẹt nhiễu, thật ám ảnh", 3
"Vừa nghe tiếng động lạ trên lầu, bạn tôi sợ xanh mặt", 3
"Khi đi qua con hẻm tối, tôi sợ hãi tột độ, tim như muốn nhảy ra ngoài 😭", 3
"Lúc màn hình tivi tự nhiên xẹt nhiễu, em chỉ muốn khóc thét lên 😭", 3
"Lúc ở nhà một mình, cả đám sợ xanh mặt, không dám quay lại nhìn", 3
"Đang đi bộ thì nghe tiếng bước chân theo sát, em sợ hãi tột độ, tim như muốn nhảy ra ngoài", 3
"Mọi người cực kỳ hoảng sợ vì sự cô đơn 😭", 3
"Bọn mình kinh hãi trước những căn phòng trống", 3
"Tôi kinh hãi trước tiếng sấm 👻", 3
"Đứng trên tòa nhà cao tầng nhìn xuống, cô ấy thấy lạnh toát sống lưng, chạy thục mạng", 3
"Lúc đi dạo qua khu nghĩa trang, bạn tôi mất trí vì sợ, không dám quay lại nhìn 😰", 3
"Vừa tỉnh dậy giữa đêm không thấy ai, em hoảng loạn thực sự, không muốn nhắc lại nữa", 3
"Anh ấy rất sợ ma quỷ 😨", 3
"Cô ấy bị ám ảnh bởi bóng tối", 3
"Lúc đi dạo qua khu nghĩa trang, anh ấy sợ hãi tột độ, chỉ mong trời mau sáng 💀", 3
"Vừa nghe tiếng động lạ trên lầu, em run rẩy không đứng vững, không muốn nhắc lại nữa 🥶", 3
"cô ấy chỉ muốn khóc thét lên sau khi xem xong bộ phim kinh dị đó, thật sự rất đáng sợ", 3
"cả đám nổi da gà toàn thân đứng trên tòa nhà cao tầng nhìn xuống, tim như muốn nhảy ra ngoài 😭", 3
"Mỗi khi cúp điện, tôi mất trí vì sợ, không muốn nhắc lại nữa", 3
"Nhìn thấy cái bóng lướt qua, ai cũng mất trí vì sợ, muốn ngất xỉu ngay lúc đó", 3
"Đi trong rừng sâu ngập sương mù, đứa bé sợ xanh mặt, muốn ngất xỉu ngay lúc đó", 3
"Khi đọc xong mẩu truyện ma, chúng tôi sợ khóc thét", 3
"Lúc đi dạo qua khu nghĩa trang, tôi thấy lạnh toát sống lưng", 3
"Lúc màn hình tivi tự nhiên xẹt nhiễu, đứa bé chỉ muốn khóc thét lên", 3
"Đứng trên tòa nhà cao tầng nhìn xuống, anh ấy bủn rủn hết cả tay chân, tim như muốn nhảy ra ngoài", 3
"Cô ấy luôn rùng mình khi thấy những căn phòng trống", 3
"Đang đi bộ thì nghe tiếng bước chân theo sát, em thấy rợn tóc gáy, nhớ lại vẫn còn run 👻", 3
"đứa bé mất trí vì sợ vừa nghe tiếng động lạ trên lầu, thật ám ảnh", 3
"cô ấy sợ xanh mặt đứng trên tòa nhà cao tầng nhìn xuống, quá ghê rợn", 3
"Tự nhiên con chó sủa ầm ĩ vào góc tường, tôi hoảng loạn thực sự, quá ghê rợn 😭", 3
"Vừa tỉnh dậy giữa đêm không thấy ai, em nổi da gà toàn thân", 3
"chúng tôi nín thở vì kinh hãi nhìn thấy cái bóng lướt qua, kinh khủng quá", 3
"Lúc đi dạo qua khu nghĩa trang, chúng tôi không dám thở mạnh, muốn ngất xỉu ngay lúc đó 😨", 3
"Mọi người bị ám ảnh bởi ma quỷ", 3
"Tôi bị ám ảnh bởi tiếng sấm 💀", 3
"Khi đọc xong mẩu truyện ma, đứa bé nín thở vì kinh hãi, thật sự rất đáng sợ 👻", 3
"ai cũng không dám thở mạnh tự nhiên con chó sủa ầm ĩ vào góc tường, thật sự rất đáng sợ", 3
"Chúng ta rất sợ tiếng chó hú 🫣", 3
"cô ấy nổi da gà toàn thân vừa nghe tiếng động lạ trên lầu, thật ám ảnh", 3
"Đang đi bộ thì nghe tiếng bước chân theo sát, cả đám mất trí vì sợ", 3
"Bước vào căn nhà hoang, anh ấy hoảng loạn thực sự, chạy thục mạng", 3
"Khi bị ai đó bám theo, chúng tôi nín thở vì kinh hãi, không bao giờ dám thử lại", 3
"cô ấy sợ khóc thét lúc ở nhà một mình, không bao giờ dám thử lại", 3
"Anh ấy cực kỳ hoảng sợ vì những căn phòng trống", 3
"tôi sợ đến mức ám ảnh khi đọc xong mẩu truyện ma, nhớ lại vẫn còn run", 3
"anh ấy thấy lạnh toát sống lưng khi đọc xong mẩu truyện ma, không bao giờ dám thử lại", 3
"Khi đọc xong mẩu truyện ma, cô ấy bủn rủn hết cả tay chân, chỉ mong trời mau sáng", 3
"tôi hoảng loạn thực sự sau khi xem xong bộ phim kinh dị đó, không muốn nhắc lại nữa 😭", 3
"Bọn mình rất sợ tiếng chó hú 👻", 3
"Tôi cực kỳ hoảng sợ vì những căn phòng trống", 3
"Vừa tỉnh dậy giữa đêm không thấy ai, anh ấy sợ hãi tột độ, chạy thục mạng", 3
"Lúc cửa sổ tự nhiên mở toang, cô ấy nổi da gà toàn thân 🥶", 3
"Cô ấy không chịu nổi ma quỷ", 3
"cô ấy chỉ muốn khóc thét lên nghe tiếng khóc trẻ con giữa đêm, quá ghê rợn 😭", 3
"Sau khi xem xong bộ phim kinh dị đó, tôi sợ xanh mặt, chỉ mong trời mau sáng 😨", 3
"cả đám đứng hình mất 5 giây lúc ở nhà một mình, mất ngủ cả đêm 😖", 3
"ai cũng nổi da gà toàn thân vừa tỉnh dậy giữa đêm không thấy ai, không bao giờ dám thử lại", 3
"Bước vào căn nhà hoang, anh ấy run rẩy không đứng vững, chỉ mong trời mau sáng", 3
"Khi đọc xong mẩu truyện ma, tôi nổi da gà toàn thân, không bao giờ dám thử lại 😨", 3
"bạn tôi nổi da gà toàn thân khi đi qua con hẻm tối, tim như muốn nhảy ra ngoài 😨", 3
"Tôi rất sợ những căn phòng trống 🫣", 3
"ai cũng sợ đến mức ám ảnh nhìn thấy cái bóng lướt qua, muốn ngất xỉu ngay lúc đó", 3
"Chúng ta luôn rùng mình khi thấy sự cô đơn", 3
"Anh ấy cực kỳ hoảng sợ vì tiếng sấm 💀", 3
"cô ấy sợ khóc thét khi đi qua con hẻm tối, kinh khủng quá", 3
"Bọn mình luôn rùng mình khi thấy bóng tối 😭", 3
"Khi bị ai đó bám theo, chúng tôi sợ xanh mặt 🫣", 3
"Đang đi bộ thì nghe tiếng bước chân theo sát, chúng tôi sợ xanh mặt, tim như muốn nhảy ra ngoài", 3
"ai cũng không dám thở mạnh khi đi qua con hẻm tối, chạy thục mạng", 3
"Đứng trên tòa nhà cao tầng nhìn xuống, người ta nín thở vì kinh hãi, chạy thục mạng", 3
"Cô ấy luôn rùng mình khi thấy sự cô đơn", 3
"Mọi người kinh hãi trước côn trùng", 3
"Sau khi xem xong bộ phim kinh dị đó, chúng tôi sợ đến mức ám ảnh, chỉ mong trời mau sáng", 3
"Sau khi xem xong bộ phim kinh dị đó, anh ấy nổi da gà toàn thân 😖", 3
"Đi trong rừng sâu ngập sương mù, bạn tôi sợ đến mức ám ảnh, không muốn nhắc lại nữa", 3
"Lúc đi dạo qua khu nghĩa trang, em tim đập thình thịch", 3
"ai cũng bủn rủn hết cả tay chân nghe tiếng khóc trẻ con giữa đêm, không bao giờ dám thử lại", 3
"Đi trong rừng sâu ngập sương mù, chúng tôi tim đập thình thịch, quá ghê rợn", 3
"Vừa nghe tiếng động lạ trên lầu, em chỉ muốn khóc thét lên 😖", 3
"Anh ấy luôn rùng mình khi thấy tiếng chó hú", 3
"bạn tôi sợ đến mức ám ảnh vừa nghe tiếng động lạ trên lầu, thật sự rất đáng sợ", 3
"cô ấy thấy lạnh toát sống lưng vừa nghe tiếng động lạ trên lầu, nhớ lại vẫn còn run 🥶", 3
"người ta tim đập thình thịch tự nhiên con chó sủa ầm ĩ vào góc tường, mất ngủ cả đêm", 3
"người ta đứng hình mất 5 giây lúc cửa sổ tự nhiên mở toang, chạy thục mạng 😭", 3
"Anh ấy kinh hãi trước những tiếng động lạ", 3
"anh ấy mất trí vì sợ khi đọc xong mẩu truyện ma, chỉ mong trời mau sáng", 3
"người ta tim đập thình thịch nhìn thấy cái bóng lướt qua, nhớ lại vẫn còn run", 3
"Đang đi bộ thì nghe tiếng bước chân theo sát, cô ấy nổi da gà toàn thân, mất ngủ cả đêm 🫣", 3
"chúng tôi nín thở vì kinh hãi lúc màn hình tivi tự nhiên xẹt nhiễu, chỉ mong trời mau sáng", 3
"chúng tôi tim đập thình thịch lúc màn hình tivi tự nhiên xẹt nhiễu, mất ngủ cả đêm 😨", 3
"Sau khi xem xong bộ phim kinh dị đó, anh ấy sợ khóc thét", 3
"đứa bé sợ khóc thét lúc đi dạo qua khu nghĩa trang, chạy thục mạng", 3
"Chúng ta bị ám ảnh bởi sự cô đơn", 3
"Lúc đi dạo qua khu nghĩa trang, cả đám bủn rủn hết cả tay chân", 3
"Nghe tiếng khóc trẻ con giữa đêm, bạn tôi đứng hình mất 5 giây, không dám quay lại nhìn", 3
"Tôi rất sợ không gian hẹp", 3
"Lúc màn hình tivi tự nhiên xẹt nhiễu, chúng tôi đứng hình mất 5 giây, chạy thục mạng", 3
"Khi đọc xong mẩu truyện ma, người ta mất trí vì sợ, không dám quay lại nhìn", 3
"ai cũng sợ xanh mặt đứng trên tòa nhà cao tầng nhìn xuống, muốn ngất xỉu ngay lúc đó", 3
"Cô ấy luôn rùng mình khi thấy ma quỷ", 3
"Anh ấy rất sợ tiếng sấm", 3
"đứa bé bủn rủn hết cả tay chân đi trong rừng sâu ngập sương mù, chạy thục mạng 🥶", 3
"Khi bị ai đó bám theo, ai cũng nín thở vì kinh hãi, thật ám ảnh", 3
"Tự nhiên con chó sủa ầm ĩ vào góc tường, người ta sợ đến mức ám ảnh", 3
"Chúng ta cực kỳ hoảng sợ vì không gian hẹp", 3
"Mọi người rất sợ côn trùng", 3
"Tôi cực kỳ hoảng sợ vì côn trùng", 3
"Mọi người bị ám ảnh bởi sự cô đơn", 3
"Đi trong rừng sâu ngập sương mù, người ta đứng hình mất 5 giây, chạy thục mạng", 3
"Lúc màn hình tivi tự nhiên xẹt nhiễu, em sợ hãi tột độ, tim như muốn nhảy ra ngoài", 3
"Vừa tỉnh dậy giữa đêm không thấy ai, người ta nín thở vì kinh hãi, chỉ mong trời mau sáng", 3
"Bọn mình kinh hãi trước côn trùng", 3
"Mỗi khi cúp điện, chúng tôi thấy rợn tóc gáy, chỉ mong trời mau sáng", 3
"Tôi kinh hãi trước tiếng chó hú", 3
"Tự nhiên con chó sủa ầm ĩ vào góc tường, tôi đứng hình mất 5 giây", 3
"Tự nhiên con chó sủa ầm ĩ vào góc tường, em không dám thở mạnh, thật ám ảnh", 3
"Cô ấy cực kỳ hoảng sợ vì côn trùng", 3
"Tôi rất sợ tiếng chó hú 💀", 3
"Đi trong rừng sâu ngập sương mù, anh ấy nổi da gà toàn thân", 3
"Vừa tỉnh dậy giữa đêm không thấy ai, anh ấy sợ hãi tột độ", 3
"Sau khi xem xong bộ phim kinh dị đó, bạn tôi thấy lạnh toát sống lưng", 3
"Lúc đi dạo qua khu nghĩa trang, chúng tôi hoảng loạn thực sự, không dám quay lại nhìn", 3
"Lúc đi dạo qua khu nghĩa trang, anh ấy nín thở vì kinh hãi", 3
"Anh ấy kinh hãi trước sự cô đơn", 3
"Vừa nghe tiếng động lạ trên lầu, cô ấy đứng hình mất 5 giây, không dám quay lại nhìn", 3
"cả đám thấy lạnh toát sống lưng nghe tiếng khóc trẻ con giữa đêm, mất ngủ cả đêm", 3
"Anh ấy bị ám ảnh bởi sự cô đơn", 3
"Tôi cực kỳ hoảng sợ vì ma quỷ", 3
"Mọi người bị ám ảnh bởi côn trùng", 3
"đứa bé nín thở vì kinh hãi khi bị ai đó bám theo, không muốn nhắc lại nữa 😨", 3
"Vừa nghe tiếng động lạ trên lầu, em thấy rợn tóc gáy, chạy thục mạng", 3
"Đứng trên tòa nhà cao tầng nhìn xuống, em chỉ muốn khóc thét lên 😖", 3
"Mỗi khi cúp điện, bạn tôi nín thở vì kinh hãi, quá ghê rợn 😭", 3
"Bước vào căn nhà hoang, chúng tôi thấy rợn tóc gáy", 3
"Lúc màn hình tivi tự nhiên xẹt nhiễu, cô ấy run rẩy không đứng vững", 3
"anh ấy chỉ muốn khóc thét lên đang đi bộ thì nghe tiếng bước chân theo sát, kinh khủng quá", 3
"Tôi luôn rùng mình khi thấy tiếng chó hú", 3
"Lúc màn hình tivi tự nhiên xẹt nhiễu, tôi thấy rợn tóc gáy", 3
"Tôi rất sợ độ cao", 3
"Cô ấy kinh hãi trước độ cao 😱", 3
"Vừa tỉnh dậy giữa đêm không thấy ai, đứa bé tim đập thình thịch, quá ghê rợn 👻", 3
"Anh ấy rất sợ những căn phòng trống", 3
"Lúc cửa sổ tự nhiên mở toang, bạn tôi run rẩy không đứng vững", 3
"Lúc đi dạo qua khu nghĩa trang, cô ấy chỉ muốn khóc thét lên", 3
"Vừa nghe tiếng động lạ trên lầu, bạn tôi chỉ muốn khóc thét lên, muốn ngất xỉu ngay lúc đó 😱", 3
"cô ấy nín thở vì kinh hãi khi đọc xong mẩu truyện ma, chỉ mong trời mau sáng 😖", 3
"Mỗi khi cúp điện, người ta mất trí vì sợ 💀", 3
"Cô ấy rất sợ những tiếng động lạ", 3
"Anh ấy luôn rùng mình khi thấy tiếng sấm", 3
"Anh ấy bị ám ảnh bởi tiếng sấm", 3
"Cô ấy cực kỳ hoảng sợ vì không gian hẹp 😨", 3
"Chúng ta kinh hãi trước tiếng sấm", 3
"Cô ấy không chịu nổi bóng tối", 3
"Vừa nghe tiếng động lạ trên lầu, cả đám thấy rợn tóc gáy", 3
"Tôi rất sợ côn trùng", 3
"Mỗi khi cúp điện, anh ấy sợ hãi tột độ, tim như muốn nhảy ra ngoài", 3
"đứa bé nín thở vì kinh hãi tự nhiên con chó sủa ầm ĩ vào góc tường, muốn ngất xỉu ngay lúc đó", 3
"Khi bị ai đó bám theo, tôi thấy lạnh toát sống lưng", 3
"Nghe tiếng khóc trẻ con giữa đêm, bạn tôi sợ hãi tột độ, tim như muốn nhảy ra ngoài 👻", 3
"đứa bé đứng hình mất 5 giây vừa nghe tiếng động lạ trên lầu, không bao giờ dám thử lại", 3
"chúng tôi nín thở vì kinh hãi đi trong rừng sâu ngập sương mù, muốn ngất xỉu ngay lúc đó", 3
"Lúc đi dạo qua khu nghĩa trang, chúng tôi sợ đến mức ám ảnh, chỉ mong trời mau sáng", 3
"Vừa tỉnh dậy giữa đêm không thấy ai, cả đám đứng hình mất 5 giây, không dám quay lại nhìn", 3
"Bọn mình luôn rùng mình khi thấy côn trùng", 3
"Bước vào căn nhà hoang, chúng tôi hoảng loạn thực sự, mất ngủ cả đêm", 3
"Mỗi khi cúp điện, em thấy lạnh toát sống lưng", 3
"ai cũng thấy lạnh toát sống lưng vừa tỉnh dậy giữa đêm không thấy ai, nhớ lại vẫn còn run", 3
"Tôi kinh hãi trước độ cao", 3
"Đang đi bộ thì nghe tiếng bước chân theo sát, chúng tôi thấy rợn tóc gáy", 3
"Khi đọc xong mẩu truyện ma, ai cũng nổi da gà toàn thân, muốn ngất xỉu ngay lúc đó", 3
"Đang đi bộ thì nghe tiếng bước chân theo sát, cô ấy nổi da gà toàn thân, không dám quay lại nhìn", 3
"Chúng ta rất sợ côn trùng 💀", 3
"Cô ấy kinh hãi trước côn trùng", 3
"bạn tôi sợ khóc thét khi bị ai đó bám theo, chạy thục mạng 💀", 3
"Mọi người kinh hãi trước những căn phòng trống", 3
"Đi trong rừng sâu ngập sương mù, tôi nín thở vì kinh hãi", 3
"Cô ấy cực kỳ hoảng sợ vì những căn phòng trống 👻", 3
"Mọi người không chịu nổi những căn phòng trống 👻", 3
"Bước vào căn nhà hoang, bạn tôi nín thở vì kinh hãi, không dám quay lại nhìn 🥶", 3
"Tôi bị ám ảnh bởi độ cao", 3
"Cô ấy không chịu nổi côn trùng", 3
"Mỗi khi cúp điện, đứa bé đứng hình mất 5 giây, kinh khủng quá", 3
"Khi đọc xong mẩu truyện ma, em thấy lạnh toát sống lưng, không bao giờ dám thử lại 😭", 3
"tôi run rẩy không đứng vững khi bị ai đó bám theo, mất ngủ cả đêm", 3
"Mọi người rất sợ không gian hẹp", 3
"cả đám run rẩy không đứng vững lúc màn hình tivi tự nhiên xẹt nhiễu, mất ngủ cả đêm", 3
"bạn tôi mất trí vì sợ nghe tiếng khóc trẻ con giữa đêm, thật ám ảnh", 3
"Đi trong rừng sâu ngập sương mù, anh ấy sợ xanh mặt", 3
"chúng tôi sợ khóc thét khi đi qua con hẻm tối, không dám quay lại nhìn", 3
"Khi đi qua con hẻm tối, chúng tôi hoảng loạn thực sự, không dám quay lại nhìn", 3
"ai cũng mất trí vì sợ khi bị ai đó bám theo, không bao giờ dám thử lại", 3
"người ta sợ đến mức ám ảnh mỗi khi cúp điện, thật sự rất đáng sợ", 3
"chúng tôi tim đập thình thịch lúc màn hình tivi tự nhiên xẹt nhiễu, chạy thục mạng", 3
"Khi đọc xong mẩu truyện ma, tôi sợ đến mức ám ảnh, không muốn nhắc lại nữa", 3
"Khi đi qua con hẻm tối, ai cũng nổi da gà toàn thân, kinh khủng quá 😱", 3
"Sau khi xem xong bộ phim kinh dị đó, anh ấy đứng hình mất 5 giây, kinh khủng quá", 3
"người ta đứng hình mất 5 giây vừa tỉnh dậy giữa đêm không thấy ai, không muốn nhắc lại nữa", 3
"Đang đi bộ thì nghe tiếng bước chân theo sát, em nín thở vì kinh hãi", 3
"em bủn rủn hết cả tay chân khi bị ai đó bám theo, không bao giờ dám thử lại", 3
"Đi trong rừng sâu ngập sương mù, em sợ hãi tột độ, không muốn nhắc lại nữa", 3
"Vừa tỉnh dậy giữa đêm không thấy ai, ai cũng sợ hãi tột độ, thật ám ảnh", 3
"Bọn mình kinh hãi trước những tiếng động lạ", 3
"Mọi người không chịu nổi những tiếng động lạ", 3
"Bọn mình luôn rùng mình khi thấy độ cao", 3
"Lúc ở nhà một mình, ai cũng chỉ muốn khóc thét lên, tim như muốn nhảy ra ngoài", 3
"Lúc màn hình tivi tự nhiên xẹt nhiễu, ai cũng hoảng loạn thực sự 👻", 3
"Anh ấy kinh hãi trước côn trùng", 3
"cô ấy sợ khóc thét lúc cửa sổ tự nhiên mở toang, tim như muốn nhảy ra ngoài", 3
"Nghe tiếng khóc trẻ con giữa đêm, chúng tôi sợ xanh mặt, muốn ngất xỉu ngay lúc đó", 3
"Chúng ta không chịu nổi bóng tối", 3
"đứa bé thấy lạnh toát sống lưng vừa tỉnh dậy giữa đêm không thấy ai, thật sự rất đáng sợ 😨", 3
"Vừa nghe tiếng động lạ trên lầu, người ta sợ khóc thét, muốn ngất xỉu ngay lúc đó 😖", 3
"cả đám thấy lạnh toát sống lưng khi đọc xong mẩu truyện ma, tim như muốn nhảy ra ngoài 😭", 3
"cả đám tim đập thình thịch vừa nghe tiếng động lạ trên lầu, chạy thục mạng", 3
"em đứng hình mất 5 giây đứng trên tòa nhà cao tầng nhìn xuống, tim như muốn nhảy ra ngoài 😱", 3
"anh ấy sợ đến mức ám ảnh vừa tỉnh dậy giữa đêm không thấy ai, kinh khủng quá", 3
"Cô ấy bị ám ảnh bởi tiếng sấm 😨", 3
"Tôi luôn rùng mình khi thấy bóng tối", 3
"Mọi người rất sợ sự cô đơn", 3
"Cô ấy không chịu nổi sự cô đơn 😖", 3
"ai cũng sợ đến mức ám ảnh khi đọc xong mẩu truyện ma, chạy thục mạng 🥶", 3
"Lúc màn hình tivi tự nhiên xẹt nhiễu, anh ấy sợ khóc thét 😭", 3
"tôi bủn rủn hết cả tay chân đang đi bộ thì nghe tiếng bước chân theo sát, kinh khủng quá", 3
"Mọi người luôn rùng mình khi thấy những tiếng động lạ 😱", 3
"Đứng trên tòa nhà cao tầng nhìn xuống, bạn tôi nổi da gà toàn thân 😰", 3
"Tôi rất sợ những căn phòng trống", 3
"Đi trong rừng sâu ngập sương mù, ai cũng hoảng loạn thực sự", 3
"Tự nhiên con chó sủa ầm ĩ vào góc tường, anh ấy hoảng loạn thực sự, nhớ lại vẫn còn run", 3
"người ta nổi da gà toàn thân lúc đi dạo qua khu nghĩa trang, không muốn nhắc lại nữa", 3
"Bọn mình luôn rùng mình khi thấy bóng tối 🥶", 3
"Khi đi qua con hẻm tối, người ta hoảng loạn thực sự, không dám quay lại nhìn", 3
"đứa bé nín thở vì kinh hãi bước vào căn nhà hoang, chỉ mong trời mau sáng", 3
"Bọn mình bị ám ảnh bởi những căn phòng trống", 3
"người ta sợ đến mức ám ảnh tự nhiên con chó sủa ầm ĩ vào góc tường, chạy thục mạng", 3
"Anh ấy rất sợ tiếng sấm 😱", 3
"Cô ấy rất sợ những tiếng động lạ 😭", 3
"Chúng ta không chịu nổi những tiếng động lạ", 3
"Bước vào căn nhà hoang, cả đám nín thở vì kinh hãi, muốn ngất xỉu ngay lúc đó", 3
"Vừa nghe tiếng động lạ trên lầu, người ta tim đập thình thịch", 3
"Chúng ta rất sợ ma quỷ 😖", 3
"Mỗi khi cúp điện, em tim đập thình thịch, thật ám ảnh", 3
"Khi bị ai đó bám theo, tôi hoảng loạn thực sự", 3
"Đi trong rừng sâu ngập sương mù, cả đám thấy rợn tóc gáy, mất ngủ cả đêm 😱", 3
"Lúc màn hình tivi tự nhiên xẹt nhiễu, người ta thấy lạnh toát sống lưng", 3
"Cô ấy cực kỳ hoảng sợ vì sự cô đơn", 3
"ai cũng mất trí vì sợ vừa tỉnh dậy giữa đêm không thấy ai, thật ám ảnh 😭", 3
"Lúc màn hình tivi tự nhiên xẹt nhiễu, tôi tim đập thình thịch", 3
"Đang đi bộ thì nghe tiếng bước chân theo sát, chúng tôi đứng hình mất 5 giây", 3
"Vừa nghe tiếng động lạ trên lầu, cả đám mất trí vì sợ, nhớ lại vẫn còn run", 3
"Vừa tỉnh dậy giữa đêm không thấy ai, tôi sợ khóc thét, tim như muốn nhảy ra ngoài", 3
"Sau khi xem xong bộ phim kinh dị đó, người ta thấy rợn tóc gáy, chạy thục mạng", 3
"Sau khi xem xong bộ phim kinh dị đó, bạn tôi bủn rủn hết cả tay chân", 3
"Cô ấy rất sợ những căn phòng trống", 3
"đứa bé mất trí vì sợ khi đọc xong mẩu truyện ma, tim như muốn nhảy ra ngoài 👻", 3
"cả đám sợ khóc thét vừa nghe tiếng động lạ trên lầu, muốn ngất xỉu ngay lúc đó", 3
"Cô ấy cực kỳ hoảng sợ vì bóng tối", 3
"Cô ấy cực kỳ hoảng sợ vì tiếng sấm", 3
"Chúng ta kinh hãi trước những căn phòng trống", 3
"Khi đi qua con hẻm tối, người ta tim đập thình thịch, kinh khủng quá", 3
"Lúc màn hình tivi tự nhiên xẹt nhiễu, em run rẩy không đứng vững, không muốn nhắc lại nữa", 3
"tôi mất trí vì sợ nghe tiếng khóc trẻ con giữa đêm, thật ám ảnh 😱", 3
"chúng tôi sợ hãi tột độ mỗi khi cúp điện, quá ghê rợn", 3
"Khi đọc xong mẩu truyện ma, đứa bé hoảng loạn thực sự", 3
"Lúc màn hình tivi tự nhiên xẹt nhiễu, đứa bé hoảng loạn thực sự", 3
"Khi đọc xong mẩu truyện ma, bạn tôi sợ xanh mặt, chạy thục mạng", 3
"người ta thấy lạnh toát sống lưng vừa tỉnh dậy giữa đêm không thấy ai, quá ghê rợn", 3
"Mỗi khi cúp điện, em thấy rợn tóc gáy", 3
"Nhìn thấy cái bóng lướt qua, người ta thấy lạnh toát sống lưng, nhớ lại vẫn còn run", 3
"Nghe tiếng khóc trẻ con giữa đêm, bạn tôi thấy rợn tóc gáy, mất ngủ cả đêm", 3
"đứa bé đứng hình mất 5 giây lúc cửa sổ tự nhiên mở toang, không muốn nhắc lại nữa", 3
"Vừa tỉnh dậy giữa đêm không thấy ai, chúng tôi thấy lạnh toát sống lưng, không muốn nhắc lại nữa", 3
"Đang đi bộ thì nghe tiếng bước chân theo sát, ai cũng thấy lạnh toát sống lưng, nhớ lại vẫn còn run", 3
"Lúc cửa sổ tự nhiên mở toang, cô ấy không dám thở mạnh 🫣", 3
"Mỗi khi cúp điện, chúng tôi thấy rợn tóc gáy", 3
"Lúc ở nhà một mình, đứa bé bủn rủn hết cả tay chân 😨", 3
"Mọi người bị ám ảnh bởi tiếng sấm 🫣", 3
"Đứng trên tòa nhà cao tầng nhìn xuống, cả đám nín thở vì kinh hãi, chạy thục mạng 😖", 3
"Cô ấy luôn rùng mình khi thấy không gian hẹp", 3
"Nghe tiếng khóc trẻ con giữa đêm, anh ấy đứng hình mất 5 giây, mất ngủ cả đêm", 3
"Sau khi xem xong bộ phim kinh dị đó, ai cũng mất trí vì sợ, thật ám ảnh", 3
"Lúc cửa sổ tự nhiên mở toang, đứa bé không dám thở mạnh, không dám quay lại nhìn", 3
"Khi đọc xong mẩu truyện ma, ai cũng bủn rủn hết cả tay chân", 3
"Nhìn thấy cái bóng lướt qua, bạn tôi nín thở vì kinh hãi, không muốn nhắc lại nữa", 3
"Nghe tiếng khóc trẻ con giữa đêm, người ta đứng hình mất 5 giây 😱", 3
"Mọi người luôn rùng mình khi thấy tiếng sấm", 3
"Mọi người không chịu nổi không gian hẹp 🫣", 3
"Đi trong rừng sâu ngập sương mù, em sợ khóc thét, chỉ mong trời mau sáng", 3
"Bọn mình rất sợ những căn phòng trống", 3
"Tự nhiên con chó sủa ầm ĩ vào góc tường, chúng tôi run rẩy không đứng vững, không muốn nhắc lại nữa", 3
"Đang đi bộ thì nghe tiếng bước chân theo sát, chúng tôi đứng hình mất 5 giây, nhớ lại vẫn còn run", 3
"chúng tôi tim đập thình thịch nhìn thấy cái bóng lướt qua, tim như muốn nhảy ra ngoài", 3
"Mọi người cực kỳ hoảng sợ vì bóng tối 😱", 3
"Đứng trên tòa nhà cao tầng nhìn xuống, em đứng hình mất 5 giây", 3
"Lúc màn hình tivi tự nhiên xẹt nhiễu, anh ấy tim đập thình thịch", 3
"Chúng ta rất sợ bóng tối", 3
"Lúc đi dạo qua khu nghĩa trang, chúng tôi thấy rợn tóc gáy", 3
"Khi đi qua con hẻm tối, cô ấy bủn rủn hết cả tay chân, tim như muốn nhảy ra ngoài", 3
"Lúc đi dạo qua khu nghĩa trang, anh ấy nín thở vì kinh hãi, chạy thục mạng", 3
"Nhìn thấy cái bóng lướt qua, đứa bé đứng hình mất 5 giây", 3
"Cô ấy không chịu nổi không gian hẹp", 3
"Bọn mình kinh hãi trước độ cao", 3
"cả đám đứng hình mất 5 giây khi đọc xong mẩu truyện ma, thật ám ảnh", 3
"Bọn mình bị ám ảnh bởi bóng tối 😱", 3
"Bọn mình cực kỳ hoảng sợ vì độ cao", 3
"Chúng ta bị ám ảnh bởi không gian hẹp", 3
"Mỗi khi cúp điện, em thấy lạnh toát sống lưng, chỉ mong trời mau sáng 💀", 3
"Chúng ta rất sợ không gian hẹp 🥶", 3
"Anh ấy bị ám ảnh bởi độ cao 😱", 3
"Sau khi xem xong bộ phim kinh dị đó, cô ấy nổi da gà toàn thân, kinh khủng quá", 3
"cô ấy không dám thở mạnh nghe tiếng khóc trẻ con giữa đêm, không muốn nhắc lại nữa", 3
"Lúc màn hình tivi tự nhiên xẹt nhiễu, tôi run rẩy không đứng vững, nhớ lại vẫn còn run", 3
"Anh ấy không chịu nổi độ cao", 3
"Khi đi qua con hẻm tối, tôi sợ khóc thét, chỉ mong trời mau sáng", 3
"tôi chỉ muốn khóc thét lên nhìn thấy cái bóng lướt qua, mất ngủ cả đêm", 3
"Bọn mình bị ám ảnh bởi ma quỷ", 3
"Lúc màn hình tivi tự nhiên xẹt nhiễu, người ta sợ hãi tột độ, tim như muốn nhảy ra ngoài 🫣", 3
"Anh ấy không chịu nổi những căn phòng trống", 3
"Đứng trên tòa nhà cao tầng nhìn xuống, bạn tôi tim đập thình thịch, kinh khủng quá", 3
"Tôi bị ám ảnh bởi ma quỷ 🥶", 3
"chúng tôi thấy lạnh toát sống lưng nhìn thấy cái bóng lướt qua, chỉ mong trời mau sáng 😰", 3
"Lúc cửa sổ tự nhiên mở toang, ai cũng sợ hãi tột độ, tim như muốn nhảy ra ngoài 😨", 3
"Tự nhiên con chó sủa ầm ĩ vào góc tường, ai cũng sợ xanh mặt", 3
"Nhìn thấy cái bóng lướt qua, anh ấy tim đập thình thịch, chỉ mong trời mau sáng 😰", 3
"chúng tôi bủn rủn hết cả tay chân đi trong rừng sâu ngập sương mù, kinh khủng quá 👻", 3
"Chúng ta rất sợ không gian hẹp", 3
"Đang đi bộ thì nghe tiếng bước chân theo sát, chúng tôi sợ xanh mặt 😖", 3
"Sau khi xem xong bộ phim kinh dị đó, tôi sợ xanh mặt", 3
"Đứng trên tòa nhà cao tầng nhìn xuống, đứa bé bủn rủn hết cả tay chân, không bao giờ dám thử lại 🥶", 3
"Nghe tiếng khóc trẻ con giữa đêm, ai cũng nổi da gà toàn thân, thật ám ảnh", 3
"chúng tôi sợ xanh mặt vừa nghe tiếng động lạ trên lầu, chạy thục mạng", 3
"Khi bị ai đó bám theo, em thấy lạnh toát sống lưng, không bao giờ dám thử lại", 3
"Cô ấy không chịu nổi tiếng sấm", 3
"Bọn mình không chịu nổi tiếng sấm", 3
"Lúc ở nhà một mình, anh ấy không dám thở mạnh", 3
"Bước vào căn nhà hoang, người ta sợ đến mức ám ảnh 🥶", 3
"Lúc cửa sổ tự nhiên mở toang, bạn tôi không dám thở mạnh, mất ngủ cả đêm", 3
"Bước vào căn nhà hoang, bạn tôi sợ xanh mặt 😰", 3
"tôi sợ xanh mặt khi đọc xong mẩu truyện ma, tim như muốn nhảy ra ngoài 🫣", 3
"cả đám hoảng loạn thực sự khi bị ai đó bám theo, thật ám ảnh 👻", 3
"Anh ấy bị ám ảnh bởi tiếng chó hú", 3
"Cô ấy kinh hãi trước tiếng sấm 😭", 3
"Bước vào căn nhà hoang, ai cũng nín thở vì kinh hãi", 3
"Nhìn thấy cái bóng lướt qua, tôi mất trí vì sợ, không dám quay lại nhìn", 3
"Tôi bị ám ảnh bởi côn trùng", 3
"Đi trong rừng sâu ngập sương mù, người ta thấy lạnh toát sống lưng, thật sự rất đáng sợ 😨", 3
"Lúc đi dạo qua khu nghĩa trang, chúng tôi sợ khóc thét", 3
"Khi đọc xong mẩu truyện ma, chúng tôi hoảng loạn thực sự, thật sự rất đáng sợ", 3
"Khi đi qua con hẻm tối, em không dám thở mạnh, không bao giờ dám thử lại", 3
"cả đám sợ khóc thét lúc đi dạo qua khu nghĩa trang, thật ám ảnh", 3
"Mỗi khi cúp điện, ai cũng đứng hình mất 5 giây, kinh khủng quá", 3
"Sau khi xem xong bộ phim kinh dị đó, chúng tôi hoảng loạn thực sự", 3
"Đang đi bộ thì nghe tiếng bước chân theo sát, tôi run rẩy không đứng vững, chỉ mong trời mau sáng", 3
"Khi bị ai đó bám theo, người ta sợ xanh mặt, mất ngủ cả đêm", 3
"Mọi người luôn rùng mình khi thấy tiếng sấm 😱", 3
"Đang đi bộ thì nghe tiếng bước chân theo sát, chúng tôi mất trí vì sợ, tim như muốn nhảy ra ngoài 🥶", 3
"anh ấy mất trí vì sợ khi đi qua con hẻm tối, nhớ lại vẫn còn run", 3
"Nhìn thấy cái bóng lướt qua, em hoảng loạn thực sự", 3
"Khi đi qua con hẻm tối, chúng tôi sợ khóc thét 🥶", 3
"Chúng ta luôn rùng mình khi thấy những căn phòng trống", 3
"chúng tôi thấy rợn tóc gáy lúc cửa sổ tự nhiên mở toang, thật sự rất đáng sợ", 3
"cô ấy sợ xanh mặt sau khi xem xong bộ phim kinh dị đó, thật sự rất đáng sợ", 3
"Lúc cửa sổ tự nhiên mở toang, chúng tôi bủn rủn hết cả tay chân", 3
"người ta bủn rủn hết cả tay chân đứng trên tòa nhà cao tầng nhìn xuống, chỉ mong trời mau sáng 😭", 3
"người ta tim đập thình thịch đi trong rừng sâu ngập sương mù, thật ám ảnh", 3
"Đứng trên tòa nhà cao tầng nhìn xuống, anh ấy sợ hãi tột độ", 3
"Vừa tỉnh dậy giữa đêm không thấy ai, người ta thấy rợn tóc gáy", 3
"Lúc màn hình tivi tự nhiên xẹt nhiễu, cô ấy sợ hãi tột độ", 3
"Nhìn thấy cái bóng lướt qua, ai cũng sợ đến mức ám ảnh, chỉ mong trời mau sáng", 3
"Lúc cửa sổ tự nhiên mở toang, tôi sợ khóc thét, không muốn nhắc lại nữa", 3
"Khi bị ai đó bám theo, đứa bé bủn rủn hết cả tay chân", 3
"Sau khi xem xong bộ phim kinh dị đó, cả đám sợ hãi tột độ, mất ngủ cả đêm", 3
"Lúc đi dạo qua khu nghĩa trang, người ta thấy lạnh toát sống lưng, muốn ngất xỉu ngay lúc đó 🫣", 3
"Anh ấy luôn rùng mình khi thấy độ cao", 3
"Lúc ở nhà một mình, đứa bé thấy rợn tóc gáy", 3
"Chúng ta rất sợ tiếng chó hú", 3
"Mọi người luôn rùng mình khi thấy bóng tối 😨", 3
"người ta sợ khóc thét lúc cửa sổ tự nhiên mở toang, chạy thục mạng", 3
"Cô ấy không chịu nổi không gian hẹp 😭", 3
"Tôi không chịu nổi sự cô đơn 😱", 3
"Khi đọc xong mẩu truyện ma, chúng tôi sợ hãi tột độ, muốn ngất xỉu ngay lúc đó", 3
"Mọi người kinh hãi trước tiếng chó hú", 3
"tôi chỉ muốn khóc thét lên sau khi xem xong bộ phim kinh dị đó, muốn ngất xỉu ngay lúc đó", 3
"Tôi cực kỳ hoảng sợ vì bóng tối", 3
"Lúc ở nhà một mình, em nổi da gà toàn thân", 3
"Bọn mình không chịu nổi sự cô đơn", 3
"Mỗi khi cúp điện, em sợ xanh mặt", 3
"Bọn mình cực kỳ hoảng sợ vì côn trùng", 3
"Khi đi qua con hẻm tối, em nín thở vì kinh hãi", 3
"Tự nhiên con chó sủa ầm ĩ vào góc tường, tôi đứng hình mất 5 giây, không bao giờ dám thử lại 😱", 3
"Vừa tỉnh dậy giữa đêm không thấy ai, ai cũng nổi da gà toàn thân", 3
"Mỗi khi cúp điện, đứa bé bủn rủn hết cả tay chân", 3
"Đang đi bộ thì nghe tiếng bước chân theo sát, anh ấy không dám thở mạnh", 3
"Khi đi qua con hẻm tối, anh ấy mất trí vì sợ", 3
"Lúc ở nhà một mình, em nổi da gà toàn thân, quá ghê rợn 😨", 3
"chúng tôi nổi da gà toàn thân khi đọc xong mẩu truyện ma, muốn ngất xỉu ngay lúc đó 😱", 3
"anh ấy sợ đến mức ám ảnh mỗi khi cúp điện, không dám quay lại nhìn", 3
"anh ấy sợ khóc thét mỗi khi cúp điện, chạy thục mạng", 3
"Đứng trên tòa nhà cao tầng nhìn xuống, bạn tôi sợ xanh mặt", 3
"Tôi không chịu nổi tiếng sấm", 3
"Chúng ta luôn rùng mình khi thấy những tiếng động lạ", 3
"Mọi người cực kỳ hoảng sợ vì tiếng chó hú 🫣", 3
"Vừa tỉnh dậy giữa đêm không thấy ai, đứa bé thấy lạnh toát sống lưng", 3
"bạn tôi nín thở vì kinh hãi bước vào căn nhà hoang, mất ngủ cả đêm", 3
"Chúng ta không chịu nổi những căn phòng trống", 3
"Sau khi xem xong bộ phim kinh dị đó, ai cũng sợ xanh mặt", 3
"cả đám không dám thở mạnh đang đi bộ thì nghe tiếng bước chân theo sát, kinh khủng quá 💀", 3
"Khi bị ai đó bám theo, cả đám sợ khóc thét", 3
"Chúng ta kinh hãi trước bóng tối", 3
"Vừa nghe tiếng động lạ trên lầu, ai cũng sợ hãi tột độ, mất ngủ cả đêm", 3
"cô ấy thấy rợn tóc gáy sau khi xem xong bộ phim kinh dị đó, thật sự rất đáng sợ", 3
"Mỗi khi cúp điện, người ta mất trí vì sợ", 3
"Đang đi bộ thì nghe tiếng bước chân theo sát, ai cũng sợ đến mức ám ảnh, nhớ lại vẫn còn run", 3
"Đi trong rừng sâu ngập sương mù, chúng tôi sợ xanh mặt, quá ghê rợn", 3
"Mọi người luôn rùng mình khi thấy không gian hẹp", 3
"Khi bị ai đó bám theo, chúng tôi sợ hãi tột độ", 3
"em chỉ muốn khóc thét lên khi đi qua con hẻm tối, muốn ngất xỉu ngay lúc đó", 3
"Đi trong rừng sâu ngập sương mù, ai cũng chỉ muốn khóc thét lên, muốn ngất xỉu ngay lúc đó", 3
"đứa bé nín thở vì kinh hãi đi trong rừng sâu ngập sương mù, nhớ lại vẫn còn run", 3
"đứa bé thấy rợn tóc gáy đi trong rừng sâu ngập sương mù, thật sự rất đáng sợ", 3
"Vừa tỉnh dậy giữa đêm không thấy ai, bạn tôi mất trí vì sợ, chỉ mong trời mau sáng 👻", 3
"Vừa tỉnh dậy giữa đêm không thấy ai, đứa bé nổi da gà toàn thân 🫣", 3
"Nhìn thấy cái bóng lướt qua, ai cũng bủn rủn hết cả tay chân", 3
"Nhìn thấy cái bóng lướt qua, cả đám thấy rợn tóc gáy, chỉ mong trời mau sáng", 3
"Cô ấy cực kỳ hoảng sợ vì độ cao", 3
"Đang đi bộ thì nghe tiếng bước chân theo sát, cô ấy thấy rợn tóc gáy, không muốn nhắc lại nữa", 3
"Cô ấy luôn rùng mình khi thấy tiếng sấm", 3
"Anh ấy không chịu nổi không gian hẹp", 3
"Mỗi khi cúp điện, anh ấy nín thở vì kinh hãi, không muốn nhắc lại nữa", 3
"Đi trong rừng sâu ngập sương mù, người ta thấy lạnh toát sống lưng, mất ngủ cả đêm", 3
"chúng tôi bủn rủn hết cả tay chân tự nhiên con chó sủa ầm ĩ vào góc tường, kinh khủng quá", 3
"Chúng ta luôn rùng mình khi thấy tiếng sấm 🫣", 3
"Đang đi bộ thì nghe tiếng bước chân theo sát, đứa bé run rẩy không đứng vững, kinh khủng quá 🥶", 3
"Tự nhiên con chó sủa ầm ĩ vào góc tường, em sợ xanh mặt, nhớ lại vẫn còn run", 3
"Vừa tỉnh dậy giữa đêm không thấy ai, em chỉ muốn khóc thét lên", 3
"Cô ấy kinh hãi trước độ cao", 3
"Anh ấy cực kỳ hoảng sợ vì độ cao", 3
"Chúng ta rất sợ tiếng sấm", 3
"Lúc đi dạo qua khu nghĩa trang, ai cũng tim đập thình thịch, mất ngủ cả đêm", 3
"Chúng ta cực kỳ hoảng sợ vì tiếng sấm", 3
"người ta sợ xanh mặt lúc đi dạo qua khu nghĩa trang, không bao giờ dám thử lại", 3
"Vừa nghe tiếng động lạ trên lầu, ai cũng run rẩy không đứng vững, thật ám ảnh", 3
"Đi trong rừng sâu ngập sương mù, cô ấy đứng hình mất 5 giây", 3
"Đang đi bộ thì nghe tiếng bước chân theo sát, cả đám nổi da gà toàn thân, nhớ lại vẫn còn run", 3
"Chúng ta không chịu nổi độ cao", 3
"Tôi không chịu nổi bóng tối 🫣", 3
"đứa bé thấy rợn tóc gáy sau khi xem xong bộ phim kinh dị đó, nhớ lại vẫn còn run", 3
"Lúc màn hình tivi tự nhiên xẹt nhiễu, đứa bé hoảng loạn thực sự, muốn ngất xỉu ngay lúc đó", 3
"Khi đọc xong mẩu truyện ma, bạn tôi nổi da gà toàn thân", 3
"Mọi người rất sợ tiếng sấm", 3
"Bọn mình luôn rùng mình khi thấy những tiếng động lạ", 3
"Lúc ở nhà một mình, tôi thấy rợn tóc gáy, muốn ngất xỉu ngay lúc đó 😰", 3
"cả đám sợ khóc thét tự nhiên con chó sủa ầm ĩ vào góc tường, kinh khủng quá", 3
"chúng tôi mất trí vì sợ đang đi bộ thì nghe tiếng bước chân theo sát, chỉ mong trời mau sáng", 3
"Sau khi xem xong bộ phim kinh dị đó, ai cũng tim đập thình thịch, thật ám ảnh", 3
"Tôi cực kỳ hoảng sợ vì độ cao", 3
"Vừa nghe tiếng động lạ trên lầu, bạn tôi thấy rợn tóc gáy, mất ngủ cả đêm", 3
"Anh ấy rất sợ sự cô đơn", 3
"Khi đi qua con hẻm tối, tôi không dám thở mạnh, mất ngủ cả đêm", 3
"Chúng ta không chịu nổi tiếng chó hú 🫣", 3
"bạn tôi bủn rủn hết cả tay chân khi bị ai đó bám theo, thật sự rất đáng sợ 🥶", 3
"Sau khi xem xong bộ phim kinh dị đó, em nổi da gà toàn thân", 3
"bạn tôi thấy rợn tóc gáy khi đi qua con hẻm tối, không bao giờ dám thử lại", 3
"Đi trong rừng sâu ngập sương mù, cô ấy run rẩy không đứng vững, không dám quay lại nhìn", 3
"Tôi không chịu nổi sự cô đơn", 3
"cả đám run rẩy không đứng vững vừa nghe tiếng động lạ trên lầu, không muốn nhắc lại nữa 😨", 3
"Cô ấy kinh hãi trước ma quỷ", 3
"Bọn mình rất sợ sự cô đơn", 3
"ai cũng mất trí vì sợ lúc đi dạo qua khu nghĩa trang, không muốn nhắc lại nữa", 3
"Anh ấy bị ám ảnh bởi ma quỷ", 3
"em tim đập thình thịch khi đọc xong mẩu truyện ma, chạy thục mạng", 3
"bạn tôi sợ khóc thét khi bị ai đó bám theo, nhớ lại vẫn còn run", 3
"cả đám thấy rợn tóc gáy đứng trên tòa nhà cao tầng nhìn xuống, không bao giờ dám thử lại", 3
"Mọi người kinh hãi trước những tiếng động lạ", 3
"Mọi người không chịu nổi côn trùng 😱", 3
"Vừa tỉnh dậy giữa đêm không thấy ai, cả đám nổi da gà toàn thân, mất ngủ cả đêm", 3
"Bọn mình không chịu nổi bóng tối 🫣", 3
"Lúc màn hình tivi tự nhiên xẹt nhiễu, ai cũng nín thở vì kinh hãi, mất ngủ cả đêm", 3
"Tôi cực kỳ hoảng sợ vì tiếng chó hú", 3
"em mất trí vì sợ đứng trên tòa nhà cao tầng nhìn xuống, quá ghê rợn", 3
"cô ấy sợ xanh mặt tự nhiên con chó sủa ầm ĩ vào góc tường, thật ám ảnh", 3
"em chỉ muốn khóc thét lên đi trong rừng sâu ngập sương mù, chạy thục mạng 👻", 3
"Khi bị ai đó bám theo, đứa bé run rẩy không đứng vững, thật sự rất đáng sợ", 3
"Khi đọc xong mẩu truyện ma, em sợ đến mức ám ảnh", 3
"Lúc đi dạo qua khu nghĩa trang, cô ấy sợ khóc thét, chạy thục mạng", 3
"Khi bị ai đó bám theo, cả đám bủn rủn hết cả tay chân, thật sự rất đáng sợ 👻", 3
"Chúng ta rất sợ những căn phòng trống 😱", 3
